Mri ID,Song Title,Publisher(s),Composer(s),US Share,Revised Share,Not Our Song,Last Updated
885368445,SOMBRERO LADEADO,SONGS OF AFINARTE,"GONZALEZ, VIANCA L",100.00%,,false,
891411125,EL JEFE DE PLAZA,MELODIES OF AFINARTE,"BORJA, GERARDO DIAZ",100.00%,,false,
877751813,MARTIN MACHADO,SONGS OF AFINARTE,"HAROS, PEDRO",100.00%,,false,
891367484,GOLPES DEL VIENTO,MUSIC OF AFINARTE,"RAMIREZ, ROBERTO MIRANDA",100.00%,,false,
895179683,PORTE DE PISTOLERO,MELODIES OF AFINARTE,"ZAPATA, ORLANDO",100.00%,,false,
901733154,MI JEFE,SONGS OF AFINARTE,"QUEZADA MANCHA, ALFONSO DE JESUS",100.00%,,false,
901463812,CUENTO DE NUNCA ACABAR,SONGS OF AFINARTE,"QUEZADA, IMANOL",100.00%,,false,
895179709,AMARGA NAVIDAD,SONGS OF AFINARTE,"GARCIA, RODOLFO",100.00%,,false,
901344973,MARCELO GOMEZ,MELODIES OF AFINARTE,"BUSTOS HURTADO, ALEMI",100.00%,,false,
902211218,YO SOY RICO,SONGS OF AFINARTE,"QUEZADA, IMANOL",100.00%,,false,
891367483,ESCUELA DEL VIEJO,MUSIC OF AFINARTE,"RAMIREZ, ROBERTO MIRANDA",100.00%,,false,
877010047,PROPIO PATRON,SONGS OF AFINARTE,"HAROS, PEDRO",100.00%,,false,
905380352,SALUD,SONGS OF AFINARTE,"QUEZADA, ALFONSO DE JESUS JR/QUEZADA, IMANOL",100.00%,,false,
891367479,EL RECLUTADO,MUSIC OF AFINARTE,"RAMIREZ, ROBERTO MIRANDA",100.00%,,false,
901463860,LOS DOS RANCHEROS,MELODIES OF AFINARTE,"GUZMAN SANCHEZ, JUAN LUIS",100.00%,,false,
901660166,EL JEFFREY DE EAST LA,SONGS OF AFINARTE,"COBIAN CARO, RAFAEL",100.00%,,false,
891303143,UNO DE LOS TANTOS JUNIORS,MELODIES OF AFINARTE,"GUZMAN SANCHEZ, JUAN LUIS",100.00%,,false,
901660145,LO VALIOSA QUE ES LA VIDA,SONGS OF AFINARTE,"AMARO, MANUEL MOLINA",100.00%,,false,
905380356,MODIFICADO,SONGS OF AFINARTE,"QUEZADA, ALFONSO DE JESUS JR/QUEZADA, IMANOL",100.00%,,false,
886290223,"NANO, EL",MELODIES OF AFINARTE,"GARCIA, ALEXANDER",100.00%,,false,
899644145,ASI ES LA VIDA,MELODIES OF AFINARTE,"FELIX, LUIS ENRIQUE",100.00%,,false,
891410451,DONDE PONGO EL OJO,MELODIES OF AFINARTE,"RIOS ECHEVERRIA, ADRIANA ISABEL",100.00%,,false,
902211217,"TERRENO DE GUERO FLORES, EL",SONGS OF AFINARTE,"QUEZADA, IMANOL",100.00%,,false,
891303126,EL DE LA 54,MELODIES OF AFINARTE,"GUZMAN SANCHEZ, JUAN LUIS",100.00%,,false,
891416145,ES QUE TU ME ENCANTAS,MUSIC OF AFINARTE,"SALAZAR ASTORGA, RUBEN",100.00%,,false,
877202813,LOS CORRIDONES,MELODIES OF AFINARTE,"GARCIA, ALEXANDER",100.00%,,false,
901660438,EL HAKAY,MELODIES OF AFINARTE,"SAUCEDA GASTELUM, ANGEL RENE",100.00%,,false,
899598722,RAFAEL CARO QUINTERO,MELODIES OF AFINARTE,"SANCHEZ MEDRANO, JOSE GUADALUPE",100.00%,,false,
891367465,CHUY BALAS,MUSIC OF AFINARTE,"RAMIREZ, ROBERTO MIRANDA",100.00%,,false,
901349786,EL GUARRO,SONGS OF AFINARTE,"QUEZADA MANCHA, ALFONSO DE JESUS/QUEZADA MANCHA, IMANOL",100.00%,,false,
901463883,TU VAS DICIENDO,MELODIES OF AFINARTE,"QUEZADA MANCHA, ALFONSO DE JESUS",100.00%,,false,
885299808,"MONKEY, EL",MELODIES OF AFINARTE,"DIAZ DE LEON HUEZ, OSCAR ARMANDO",100.00%,,false,
891355078,HOMBRE DE GUERRA,SONGS OF AFINARTE,"HAROS, PEDRO",100.00%,,false,
901345138,9-CUATRO,SONGS OF AFINARTE,"CERVANTES, ALEXANDER",100.00%,,false,
901463813,DICEN,MELODIES OF AFINARTE,"SAUCEDA GASTELUM, ANGEL RENE",100.00%,,false,
891303138,MASACRE DE INOCENTES,MELODIES OF AFINARTE,"GUZMAN SANCHEZ, JUAN LUIS",100.00%,,false,
877202792,CUENTALES,MELODIES OF AFINARTE,"GARCIA, ALEXANDER",100.00%,,false,
899644148,MOY EL COYOTE,MELODIES OF AFINARTE,"FELIX, LUIS ENRIQUE",100.00%,,false,
901660147,HAY QUE GOZAR DE LA VIDA,SONGS OF AFINARTE,"AMARO PEREZ, VICTOR EDUARDO/AMARO, MANUEL MOLINA",100.00%,,false,
905380354,EL RECUENTO DE LOS DANOS,SONGS OF AFINARTE,"QUEZADA, ALFONSO DE JESUS JR",100.00%,,false,
876781158,VENGO A ACLARAR,MELODIES OF AFINARTE,"GARCIA, ALEXANDER",100.00%,,false,
891367473,EL GRANDE,MUSIC OF AFINARTE,"RAMIREZ, ROBERTO MIRANDA",100.00%,,false,
876645499,MI 45,MELODIES OF AFINARTE,"GARCIA, ALEXANDER",100.00%,,false,
901659948,PA' PELEAR NA'MAS,MELODIES OF AFINARTE,"ARREDONDO ZAMORA, DE JESUS ELEAZAR",100.00%,,false,
884672994,DON PISTOLO,MELODIES OF AFINARTE,"RODRIGUEZ MONDRAGON, ANGEL ALEXIS",100.00%,,false,
901733221,DE LO MALO VA LO BUENO,SONGS OF AFINARTE,"COBIAN CARO, RAFAEL",100.00%,,false,
884672999,SE RESUME EN EXPERIENCIA,MELODIES OF AFINARTE,"RODRIGUEZ MONDRAGON, ANGEL ALEXIS",100.00%,,false,
891303120,AMOR IMPOSIBLE,MELODIES OF AFINARTE,"GUZMAN SANCHEZ, JUAN LUIS",100.00%,,false,
901659773,MANANA ESTRENO,SONGS OF AFINARTE,"RAMIREZ, MALDONADO JUAN",100.00%,,false,
905380512,EL MAS BUSCADO 701,MELODIES OF AFINARTE,"BUSTOS HURTADO, ALEMI",100.00%,,false,
901349799,EN LA BOLA,MUSIC OF AFINARTE,"GURROLA, EDUARDO",100.00%,,false,
891367486,JUAN RAMIREZ,MUSIC OF AFINARTE,"RAMIREZ, ROBERTO MIRANDA",100.00%,,false,
901463809,COMANDO DE GUERREROS,MELODIES OF AFINARTE,"GARCIA, ALEXANDER/GUZMAN, JUAN LUIS",100.00%,,false,
877108158,BENITO,SONGS OF AFINARTE,"HAROS, PEDRO",100.00%,,false,
888614420,"PECHUGO, EL",SONGS OF AFINARTE,"MENDIVIL, SANABIA WILFRIDO",100.00%,,false,
897293373,"DE LAS BOTAS BLANCAS, EL",,"SANCHEZ MEDRANO, JOSE GUADALUPE",100.00%,,false,
897302675,ENORME DOLOR,MELODIES OF AFINARTE,"ORDONEZ MONTENEGRO, JESUS ALBERT",100.00%,,false,
887178096,UNA VIDA CORTA,SONGS OF AFINARTE,"GONZALEZ, VIANCA L",100.00%,,false,
891416750,EL PRIMERO SERE YO,MUSIC OF AFINARTE,"LOPEZ, ERIK",100.00%,,false,
905380321,MUCHOS PRESUMEN,MELODIES OF AFINARTE,"SANCHEZ MEDRANO, JOSE GUADALUPE",100.00%,,false,
891303142,TORO DE BADIRAGUATO,MELODIES OF AFINARTE,"GUZMAN SANCHEZ, JUAN LUIS",100.00%,,false,
891360750,LEON DE MELENA,MELODIES OF AFINARTE,"AVITA AUDELO, JULIO CESAR",100.00%,,false,
885384448,"AGUACATE, EL",MELODIES OF AFINARTE,"DIAZ, BORJA GERARDO",100.00%,,false,
891360747,EL REY LEON,MELODIES OF AFINARTE,"AVITA AUDELO, JULIO CESAR",100.00%,,false,
878403920,JESUS ALBINO,MUSIC OF AFINARTE,"RAMIREZ, ROBERTO MIRANDA",100.00%,,false,
902211215,SOY BELTRAN,SONGS OF AFINARTE,"MURILLO, CARLOS PERALTA",100.00%,,false,
901463885,YA NO ME IMPORTA,MELODIES OF AFINARTE,"RIOS ECHEVERRIA, ADRIANA ISABEL",100.00%,,false,
897302496,JR POR MI PADRE,MELODIES OF AFINARTE,"GUZMAN SANCHEZ, JUAN LUIS",100.00%,,false,
901659778,EL SEÑOR DE LOS CIELOS,SONGS OF AFINARTE,"RAMIREZ, MALDONADO JUAN",100.00%,,false,
901463819,"BELICO, EL",MELODIES OF AFINARTE,"AVITA AUDELO, JULIO CESAR",100.00%,,false,
909556268,"CAPI, EL",SONGS OF AFINARTE,"COBIAN CARO, RAFAEL",100.00%,,false,
901349787,LAS BENDICIONES,SONGS OF AFINARTE,"QUEZADA MANCHA, ALFONSO DE JESUS/QUEZADA MANCHA, IMANOL",100.00%,,false,
891304373,30 DE ENERO,SONGS OF AFINARTE,"QUEZADA MANCHA, IMANOL",100.00%,,false,
878847368,CASITAS DE COJOYO,SONGS OF AFINARTE,"HAROS, PEDRO",100.00%,,false,
901463836,"TATUADO, EL",SONGS OF AFINARTE,"QUEZADA, IMANOL",100.00%,,false,
891367475,EL JOVEN ARTISTA,MUSIC OF AFINARTE,"RAMIREZ, ROBERTO MIRANDA",100.00%,,false,
895179681,LA PROMESA CUMPLIDA,MELODIES OF AFINARTE,"ZAPATA, ORLANDO",100.00%,,false,
880026328,EL DE PIEDRAS BLANCAS,MELODIES OF AFINARTE,"GARCIA, ALEXANDER",100.00%,,false,
884474114,PINAS DE HAWAII,SONGS OF AFINARTE,KANALES,100.00%,,false,
897293178,"JUICIO DEL CHAPO, EL",MELODIES OF AFINARTE,"LEON MEZA, SERGIO BLADIMIR",100.00%,,false,
885384460,MI ALMA ROTA,MELODIES OF AFINARTE,"DIAZ, BORJA GERARDO",100.00%,,false,
886299295,NO PUEDO MAS,MUSIC OF AFINARTE,"RAMIREZ, ROBERTO MIRANDA",100.00%,,false,
888614403,SI APUESTAS,SONGS OF AFINARTE,"GONZALEZ, VIANCA L",100.00%,,false,
891360751,SIEMPRE FUISTE TU,MELODIES OF AFINARTE,"AVITA AUDELO, JULIO CESAR",100.00%,,false,
897293177,"DOBLE R, EL",MELODIES OF AFINARTE,"LEON MEZA, SERGIO BLADIMIR",100.00%,,false,
897302428,"FINAL DE NUESTRO CUENTO, EL",MELODIES OF AFINARTE,"SAUCEDA GASTELUM, ANGEL RENE",100.00%,,false,
895179711,PIERDES Y GANAS,SONGS OF AFINARTE,"GARCIA, RODOLFO",100.00%,,false,
901463840,EN FIN,SONGS OF AFINARTE,"QUEZADA MANCHA, ALFONSO DE JESUS/QUEZADA, IMANOL",100.00%,,false,
891355076,HIMNO DE GUERRA,SONGS OF AFINARTE,"HAROS, PEDRO",100.00%,,false,
878445473,"RENCILLAS, LAS",MELODIES OF AFINARTE,"GARCIA, ALEXANDER",100.00%,,false,
891360736,LA VIDA BONITA,MELODIES OF AFINARTE,"QUEZADA MANCHA, ALFONSO DE JESUS",100.00%,,false,
876839776,"ADIVINANZA, LA",SONGS OF AFINARTE,"HAROS, PEDRO",100.00%,,false,
889748981,"JAMAICO, EL",MELODIES OF AFINARTE,"QUEZADA MANCHA, ALFONSO DE JESUS",100.00%,,false,
901463870,NECESITO,SONGS OF AFINARTE,"QUEZADA, IMANOL",100.00%,,false,
897302838,"NINA DE MIS OJOS, LA",MELODIES OF AFINARTE,"ARREDONDO ZAMORA, DE JESUS ELEAZAR",100.00%,,false,
901733024,PINOCHO,SONGS OF AFINARTE,"CALDERON, OSCAR/RIOS ECHEVERRIA, ADRIANA ISABEL/VEGAS ROMERO, JUAN MANUEL",100.00%,,false,
891367469,EL DE LOS FLETES,MUSIC OF AFINARTE,"RAMIREZ, ROBERTO MIRANDA",100.00%,,false,
899644170,"COMPA BRUNO, EL",MELODIES OF AFINARTE,"ZAPATA, ORLANDO",100.00%,,false,
891367466,EL BULLET,MUSIC OF AFINARTE,"RAMIREZ, ROBERTO MIRANDA",100.00%,,false,
877101805,EL BRAVO,SONGS OF AFINARTE,"HAROS, PEDRO",100.00%,,false,
877600723,TANTO TIENES TANTO VALES,MELODIES OF AFINARTE,"VALE CORRALES, JOSE ISIDRO",100.00%,,false,
891355080,LA RAMADA,SONGS OF AFINARTE,"HAROS, PEDRO",100.00%,,false,
897293182,"DOS FRANCISCOS, LOS",MELODIES OF AFINARTE,"LEON MEZA, SERGIO BLADIMIR",100.00%,,false,
891367488,LAS ASTILLAS,MUSIC OF AFINARTE,"RAMIREZ, ROBERTO MIRANDA",100.00%,,false,
884661559,BRINDEMOS,SONGS OF AFINARTE,"HAROS, PEDRO",100.00%,,false,
901660161,EL ARMADILLO,MELODIES OF AFINARTE,"ZAPATA, ORLANDO/ZAPATA, ROLANDO",100.00%,,false,
885299811,"SERIECITO, EL",MELODIES OF AFINARTE,"DIAZ DE LEON HUEZ, OSCAR ARMANDO",100.00%,,false,
887303010,RULETEANDO EL MEZCAL,SONGS OF AFINARTE,"HAROS, PEDRO",100.00%,,false,
897293369,"BORREGO, EL",MELODIES OF AFINARTE,"ORDONEZ MONTENEGRO, JESUS ALBERT",100.00%,,false,
891303139,PILOTO DE DURANGO,MELODIES OF AFINARTE,"GUZMAN SANCHEZ, JUAN LUIS",100.00%,,false,
886051938,EL CORRIDO DE ALFREDO,SONGS OF AFINARTE,"RAMOS GAXIOLA, JAIRO DE JESUS",100.00%,,false,
891303130,EL RANCHERO Y EL GUACHITO,MELODIES OF AFINARTE,"GUZMAN SANCHEZ, JUAN LUIS",100.00%,,false,
895179642,LITTLE GUY,MELODIES OF AFINARTE,"ONTIVEROS GASTELUM, JOSE ANGEL",100.00%,,false,
901390310,"RENGLON, EL",SONGS OF AFINARTE,"COBIAN CARO, RAFAEL",100.00%,,false,
891367492,MI ROMPECABEZAS,MUSIC OF AFINARTE,"RAMIREZ, ROBERTO MIRANDA",100.00%,,false,
886289783,AMOR IMPOSIBLE,MELODIES OF AFINARTE,"ALVAREZ, ANTONIO",100.00%,,false,
899598719,"CORRIDO DE BARRERA, EL",MELODIES OF AFINARTE,"SANCHEZ MEDRANO, JOSE GUADALUPE",100.00%,,false,
901463815,"ABUELO, EL",SONGS OF AFINARTE,"QUEZADA, IMANOL",100.00%,,false,
901733192,"TEMPLARIO, EL",SONGS OF AFINARTE,"DAVILA, ISIDRO",100.00%,,false,
886040216,ENCANTADORA,MELODIES OF AFINARTE,"LIMON, PERLA ELENES",100.00%,,false,
886899017,RICARDO LOPEZ,MELODIES OF AFINARTE,"GARCIA, ALEXANDER",100.00%,,false,
891355079,LA FOGATA (FEAT. CACHORRO DELGADO),SONGS OF AFINARTE,"HAROS, PEDRO",100.00%,,false,
902211222,ALTOS Y BAJOS,MELODIES OF AFINARTE,"ARREDONDO ZAMORA, ELEAZAR DE JESUS/BERMUDEZ FEBUS, JEAN",100.00%,,false,
878507947,"CUERVOS, LOS",SONGS OF AFINARTE,"HAROS, PEDRO",100.00%,,false,
904412729,EL SCAR,SONGS OF AFINARTE,"REYES, FERNANDO VALENZUELA",100.00%,,false,
891360841,EL ILEGAL,MELODIES OF AFINARTE,"DIAZ, BORJA GERARDO",100.00%,,false,
891367478,EL MOMENTO,MUSIC OF AFINARTE,"RAMIREZ, ROBERTO MIRANDA",100.00%,,false,
886299290,"INDIO, EL",MUSIC OF AFINARTE,"RAMIREZ, ROBERTO MIRANDA",100.00%,,false,
876841394,CARTA DE RETIRO,SONGS OF AFINARTE,"HAROS, PEDRO",100.00%,,false,
891360836,EL CONSENTIDO,MELODIES OF AFINARTE,"DIAZ, BORJA GERARDO",100.00%,,false,
901733050,SE PUEDE QUERER A DOS,MELODIES OF AFINARTE,"SANCHEZ MEDRANO, JOSE GUADALUPE",100.00%,,false,
877463484,RANCHITOS ESCONDIDOS,MELODIES OF AFINARTE,"GARCIA, ALEXANDER",100.00%,,false,
901463880,SOY DEL RANCHO DE EL SALADO,SONGS OF AFINARTE,"LOPEZ OCHIQUI, FERNANDO",100.00%,,false,
896935693,VALE LA PENA,MELODIES OF AFINARTE,"ARREDONDO ZAMORA, DE JESUS ELEAZAR",100.00%,,false,
876645436,"GUERO CAMARóN, EL",MELODIES OF AFINARTE,"GARCIA, ALEXANDER",100.00%,,false,
901390308,"M11, EL",SONGS OF AFINARTE,"COBIAN CARO, RAFAEL",100.00%,,false,
897293172,DERECHO EN LO CHUECO,MELODIES OF AFINARTE,"LEON MEZA, SERGIO BLADIMIR",100.00%,,false,
909556266,SI COMO NO,SONGS OF AFINARTE,"VILCHIS, LUIS MANUEL",100.00%,,false,
901463861,LOS PRIMOS,SONGS OF AFINARTE,"QUEZADA, IMANOL",100.00%,,false,
905380652,SON DE GUERRA,MELODIES OF AFINARTE,"SAUCEDA GASTELUM, ANGEL RENE",100.00%,,false,
901390095,PAL QUE QUIERA INVESTIGAR,SONGS OF AFINARTE,"NICOLAS, GARCIA JR",100.00%,,false,
895179691,VIDA PELIGROSA,SONGS OF AFINARTE,"HAROS, PEDRO",100.00%,,false,
901463878,SONADOR,MELODIES OF AFINARTE,"ARREDONDO ZAMORA, DE JESUS ELEAZAR",100.00%,,false,
877127520,HOMBRE CABAL,MELODIES OF AFINARTE,"GARCIA, ALEXANDER",100.00%,,false,
897293364,AHORA TE AGUANTAS,MELODIES OF AFINARTE / MUSIC OF AFINARTE / SONGS OF AFINARTE,"ARREDONDO ZAMORA, DE JESUS ELEAZAR/CORONADO, ROMAN/DAVILA, ISIDRO/FELIX, LUIS ENRIQUE/GUZMAN SANCHEZ, JUAN LUIS/LOPEZ, MACIAS RIGO ELEAZAR/OLEA MONTES, NESTOR ADALID/OLEA-MENESSES, NESTOR SAID/ORDONEZ MONTENEGRO, JESUS ALBERT/SAUCEDA GASTELUM, ANGEL RENE/ZAPATA, ORLANDO",100.00%,,false,
901463801,A ELLA,MELODIES OF AFINARTE,"QUEZADA MANCHA, ALFONSO DE JESUS",100.00%,,false,
895179640,EL TATUADO,MELODIES OF AFINARTE,"ONTIVEROS GASTELUM, JOSE ANGEL",100.00%,,false,
877607434,MANUEL MACHADO,SONGS OF AFINARTE,"HAROS, PEDRO",100.00%,,false,
905380323,POR UNOS OJOS BONITOS,MELODIES OF AFINARTE,"SANCHEZ MEDRANO, JOSE GUADALUPE",100.00%,,false,
885404263,EL 07 DE SAN DIMAS,MELODIES OF AFINARTE,"GUZMAN SANCHEZ, JUAN LUIS",100.00%,,false,
891367477,EL MISMO (EN VIVO),MUSIC OF AFINARTE,"RAMIREZ, ROBERTO MIRANDA",100.00%,,false,
891367489,LOS DEJO CON LA DUDA,MUSIC OF AFINARTE,"RAMIREZ, ROBERTO MIRANDA",100.00%,,false,
886290198,"AMIGO, EL",MELODIES OF AFINARTE,"AVITA AUDELO, JULIO CESAR",100.00%,,false,
885384454,"ILLEGAL, EL",MELODIES OF AFINARTE,"DIAZ, BORJA GERARDO",100.00%,,false,
891355058,EL GLASS (FEAT. CACHORRO DELGADO),SONGS OF AFINARTE,"HAROS, PEDRO",100.00%,,false,
885384453,"FIRULAIS, EL",MELODIES OF AFINARTE,"DIAZ, BORJA GERARDO",100.00%,,false,
889299096,DEL SALADO PARA EL MUNDO,MELODIES OF AFINARTE,"GARCIA, ALEXANDER",100.00%,,false,
896935683,DESDE CERO,MELODIES OF AFINARTE,"ARREDONDO ZAMORA, DE JESUS ELEAZAR",100.00%,,false,
879454747,CUERVO SIERRA,MELODIES OF AFINARTE,"GUZMAN SANCHEZ, JUAN LUIS",100.00%,,false,
891360743,EL CUADERNO,MELODIES OF AFINARTE,"AVITA AUDELO, JULIO CESAR",100.00%,,false,
891355083,PA' QUE EMPIECEN A TOCAR,SONGS OF AFINARTE,"HAROS, PEDRO",100.00%,,false,
897302494,"HACHE, EL",MELODIES OF AFINARTE,"GUZMAN SANCHEZ, JUAN LUIS",100.00%,,false,
885343784,TROMPEZON DE UN SAPO,SONGS OF AFINARTE,"HAROS, PEDRO",100.00%,,false,
886290213,MI ACORDEON Y YO,MELODIES OF AFINARTE,"AVITA AUDELO, JULIO CESAR",100.00%,,false,
901659969,SE ME ACABO EL DINERO,MELODIES OF AFINARTE,"DIAZ, BORJA GERARDO",100.00%,,false,
888304714,VALOR Y SOSTENGO,SONGS OF AFINARTE,"GONZALEZ, VIANCA L",100.00%,,false,
901344968,5 VECES MI CORRIDO,MELODIES OF AFINARTE,"BUSTOS HURTADO, ALEMI",100.00%,,false,
901733288,LICENCIADA,SONGS OF AFINARTE,"HAROS, PEDRO",100.00%,,false,
891416146,PARA OLVIDARTE SIN DOLOR,MUSIC OF AFINARTE,"SALAZAR ASTORGA, RUBEN",100.00%,,false,
877011276,FUGITIVO DEL INFIERNO,SONGS OF AFINARTE,"HAROS, PEDRO",100.00%,,false,
891355077,HOMBRE ALEGRE,SONGS OF AFINARTE,"HAROS, PEDRO",100.00%,,false,
899598707,BOLO CORONEL,MELODIES OF AFINARTE,"BUSTOS HURTADO, ALEMI",100.00%,,false,
886299294,"CRUZADORES, LOS",MUSIC OF AFINARTE,"RAMIREZ, ROBERTO MIRANDA",100.00%,,false,
878894818,CORRIDO DE BARRERA,MUSIC OF AFINARTE,"RAMIREZ, ROBERTO MIRANDA",100.00%,,false,
891416143,CAPAZ DE TODO,MUSIC OF AFINARTE,"SALAZAR ASTORGA, RUBEN",100.00%,,false,
879320659,"CORRIDO DEL CHANO, EL",SONGS OF AFINARTE,"HAROS, PEDRO",100.00%,,false,
901345139,"DE LA O, EL",SONGS OF AFINARTE,"CERVANTES, ALEXANDER",100.00%,,false,
901659777,AL MISMO NIVEL,SONGS OF AFINARTE,"RAMIREZ, MALDONADO JUAN",100.00%,,false,
891482971,EN EL ULTIMO MINUTO,SONGS OF AFINARTE,"HAROS, PEDRO",100.00%,,false,
901463869,MIS RAICES,SONGS OF AFINARTE,"QUEZADA, IMANOL",100.00%,,false,
899598726,FUGA PA' LA PISTA,MELODIES OF AFINARTE,"GUZMAN SANCHEZ, JUAN LUIS",100.00%,,false,
901349776,LA C Y LA J,MELODIES OF AFINARTE,"GARCIA, ALEXANDER/QUEZADA MANCHA, ALFONSO DE JESUS/QUEZADA MANCHA, IMANOL",100.00%,,false,
897302495,EMPRESA N,MELODIES OF AFINARTE,"GUZMAN SANCHEZ, JUAN LUIS",100.00%,,false,
891360541,DE APELLIDO VIZCAINO,MELODIES OF AFINARTE,"SAUCEDA GASTELUM, ANGEL RENE",100.00%,,false,
901463845,HOY DAME EL GUSTO,MELODIES OF AFINARTE,"RIOS ECHEVERRIA, ADRIANA ISABEL",100.00%,,false,
891304381,EL DE LA TEXANA (FEAT. BANDA LOS POPULARES DEL LLANO),SONGS OF AFINARTE,"QUEZADA MANCHA, IMANOL",100.00%,,false,
886299289,"EMPRESARIO, EL",MUSIC OF AFINARTE,"RAMIREZ, ROBERTO MIRANDA",100.00%,,false,
879132576,AL MAYO LE QUE ES DEL MAYO (EL FANTASMA VERSION),SONGS OF AFINARTE,"DELGADO MADRID, MARIO OSWALDO",50.00%,,false,
896935688,EN UN SEGUNDO,MELODIES OF AFINARTE,"ZAPATA, ORLANDO",100.00%,,false,
895179662,EL DE LAS BOTAS BLANCAS,MELODIES OF AFINARTE,"SANCHEZ MEDRANO, JOSE GUADALUPE",100.00%,,false,
877607194,COMO UN CERILLAZO,SONGS OF AFINARTE,"HAROS, PEDRO",100.00%,,false,
891360849,LA ESCUELA DE LA CALLE,MELODIES OF AFINARTE,"DIAZ, BORJA GERARDO",100.00%,,false,
901463807,CERO AMPARO (EL RR),MELODIES OF AFINARTE,"GARCIA, ALEXANDER",100.00%,,false,
891304391,VIDA VENTAJOSA,SONGS OF AFINARTE,"QUEZADA MANCHA, IMANOL",100.00%,,false,
909556264,YO SOY GANADERO,MELODIES OF AFINARTE,"DIAZ, BORJA GERARDO",100.00%,,false,
891471245,TE PROMETO,MELODIES OF AFINARTE,"MANZANAREZ DE SANTIAGO, FELIPE DE JESUS",100.00%,,false,
896935690,DON JOSE,MELODIES OF AFINARTE,"ZAPATA, ORLANDO",100.00%,,false,
885368441,ACLARANDO PENDIENTES (VIDA CORTA),SONGS OF AFINARTE,"GONZALEZ, VIANCA L",100.00%,,false,
885384449,"CHACAMEL, EL",MELODIES OF AFINARTE,"DIAZ, BORJA GERARDO",100.00%,,false,
901733197,"KELE, EL",SONGS OF AFINARTE,"VILLANUEVA, SALAZAR JOHNY ADAIR",100.00%,,false,
878445740,"MOMENTO, EL",MUSIC OF AFINARTE,"RAMIREZ MIRANDA, RICARDO",100.00%,,false,
901733051,NACHITO EL DE LAS FLECHAS,MELODIES OF AFINARTE,"SANCHEZ MEDRANO, JOSE GUADALUPE",100.00%,,false,
884672998,EL REY DEL CHILE,MELODIES OF AFINARTE,"RODRIGUEZ MONDRAGON, ANGEL ALEXIS",100.00%,,false,
886390148,FERMIN EL PILOTO,MELODIES OF AFINARTE,"GARCIA, ALEXANDER/LIMON, PERLA ELENES",100.00%,,false,
891360543,MI MAYOR ERROR,MELODIES OF AFINARTE,"SAUCEDA GASTELUM, ANGEL RENE",100.00%,,false,
885343781,"TERCERO, EL",SONGS OF AFINARTE,"HAROS, PEDRO",100.00%,,false,
901463808,CHALINO EL REY,SONGS OF AFINARTE,"HAROS, PEDRO",100.00%,,false,
891355088,TROPEZON DE UN ZAPO,SONGS OF AFINARTE,"HAROS, PEDRO",100.00%,,false,
891360840,EL DIPUTADO (ELI CAMACHO),MELODIES OF AFINARTE,"DIAZ, BORJA GERARDO",100.00%,,false,
891471244,MI LEMA,MELODIES OF AFINARTE,"MEDRANO, RODRIGUEZ FRANCISCO JAVIER",100.00%,,false,
886299284,A QUE LE TEMES,MUSIC OF AFINARTE,"RAMIREZ, ROBERTO MIRANDA",100.00%,0.00%,false,2025-06-12 19:10:55.28793
886290210,"TRIUNFO Y LA ENVIDIA, EL",MELODIES OF AFINARTE,"AVITA AUDELO, JULIO CESAR",100.00%,,false,
897302674,"SKINNY, EL",MELODIES OF AFINARTE,"ORDONEZ MONTENEGRO, JESUS ALBERT",100.00%,,false,
884474133,TROMPEZON DE UN SAPO,SONGS OF AFINARTE,KANALES,100.00%,,false,
891303123,EL COMPA BANDA,MELODIES OF AFINARTE,"GUZMAN SANCHEZ, JUAN LUIS",100.00%,,false,
897293171,CORRIDO DEL TONY,MELODIES OF AFINARTE,"LEON MEZA, SERGIO BLADIMIR",100.00%,,false,
891360846,EL S S,MELODIES OF AFINARTE,"DIAZ, BORJA GERARDO",100.00%,,false,
899598718,"AZUL, EL",MELODIES OF AFINARTE,"SANCHEZ MEDRANO, JOSE GUADALUPE",100.00%,,false,
887303054,EL TERCERO,SONGS OF AFINARTE,KANALES,100.00%,,false,
901660437,UN AMOR COMO EL MIO,MELODIES OF AFINARTE,"SAUCEDA GASTELUM, ANGEL RENE",100.00%,,false,
901376214,HASTA TENERTE CONMIGO,SONGS OF AFINARTE,"AMARO PEREZ, VICTOR EDUARDO/NUNEZ, GABRIEL",100.00%,,false,
891361542,EL JEFE DE LA MAÑA,MELODIES OF AFINARTE,"BORJA, GERARDO DIAZ",100.00%,,false,
891360542,EL DE SANTA ANA,MELODIES OF AFINARTE,"SAUCEDA GASTELUM, ANGEL RENE",100.00%,,false,
901733048,MI QUINTO ELEMENTO,MELODIES OF AFINARTE,"SANCHEZ MEDRANO, JOSE GUADALUPE",100.00%,,false,
902211216,AHI VA LA LOCA,MELODIES OF AFINARTE,"ECHEVERRIA, ADRIANA ISABEL RIOS",100.00%,,false,
901463810,COMO LA VES,MELODIES OF AFINARTE,"QUEZADA MANCHA, ALFONSO DE JESUS",100.00%,,false,
886536377,CON INTERESES,SONGS OF AFINARTE,"GONZALEZ, VIANCA L",100.00%,,false,
885343738,DOLOR Y AMOR,MELODIES OF AFINARTE,"BAUTISTA SANCHEZ, RAFAEL PABLO",100.00%,,false,
891367468,EL DE LA MIRADA,MUSIC OF AFINARTE,"RAMIREZ, ROBERTO MIRANDA",100.00%,,false,
885343785,VICTOR CASTANO,SONGS OF AFINARTE,"HAROS, PEDRO",100.00%,,false,
899644168,"AMIGO DEL PUEBLO, EL",MELODIES OF AFINARTE,"ZAPATA, ORLANDO",100.00%,,false,
904413255,DOLARES DE A 100,SONGS OF AFINARTE,"ALVARADO GALVIN, OSCAR EDUARDO",100.00%,,false,
877773871,EL CHOYA,MELODIES OF AFINARTE,"ORDONEZ MONTENEGRO, JESUS ALBERT",100.00%,,false,
884672997,EL REGALO,MELODIES OF AFINARTE,"RODRIGUEZ MONDRAGON, ANGEL ALEXIS",100.00%,,false,
897293374,"DIRY, EL",MELODIES OF AFINARTE / MUSIC OF AFINARTE / SONGS OF AFINARTE,"FELIX, LUIS ENRIQUE",100.00%,,false,
901463862,LOS SONORENSES,MELODIES OF AFINARTE,"GARCIA, ALEXANDER/LIMON, PERLA ELENES",100.00%,,false,
886299259,EN SONRIENTE,MELODIES OF AFINARTE,"AVITA AUDELO, JULIO CESAR",100.00%,,false,
904412599,LOS CONSEJOS DE LA VIDA,SONGS OF AFINARTE,"RAMIREZ, JUAN MALDONADO",100.00%,,false,
878445739,MI VENADITA,MUSIC OF AFINARTE,"RAMIREZ, RICARDO",100.00%,,false,
891360540,CORRIDO DE OMAR SANTOS,MELODIES OF AFINARTE,"SAUCEDA GASTELUM, ANGEL RENE",100.00%,,false,
891360835,EL COMPA ZERA,MELODIES OF AFINARTE,"DIAZ, BORJA GERARDO",100.00%,,false,
894515133,EL NIÑO RESILIENTE,MELODIES OF AFINARTE,"GARCIA, ALEXANDER",100.00%,,false,
905380355,V.V. 2,SONGS OF AFINARTE,"QUEZADA, IMANOL",100.00%,,false,
891303144,YO SOY JOAQUIN,MELODIES OF AFINARTE,"GUZMAN SANCHEZ, JUAN LUIS",100.00%,,false,
891367470,EL DE LOS PLACERES DE ORO,MUSIC OF AFINARTE,"RAMIREZ, ROBERTO MIRANDA",100.00%,,false,
891303137,LOS DOS COMPADRES,MELODIES OF AFINARTE,"GUZMAN SANCHEZ, JUAN LUIS",100.00%,,false,
886289793,BARRERA POR NOMBRE,MELODIES OF AFINARTE,"GUZMAN SANCHEZ, JUAN LUIS",100.00%,,false,
891484070,NACHO CORONEL,SONGS OF AFINARTE,"HAROS, PEDRO",100.00%,,false,
901390312,KIKIL CARO,SONGS OF AFINARTE,"COBIAN CARO, RAFAEL",100.00%,,false,
901659681,LA SIEMBRA,MELODIES OF AFINARTE,"BUSTOS HURTADO, ALEMI",100.00%,,false,
894515132,EL 21,MELODIES OF AFINARTE,"GARCIA, ALEXANDER",100.00%,,false,
905380320,MEJORANDO LA COSECHA,MELODIES OF AFINARTE,"SANCHEZ MEDRANO, JOSE GUADALUPE",100.00%,,false,
891367485,HAY MOMENTOS,MUSIC OF AFINARTE,"RAMIREZ, ROBERTO MIRANDA",100.00%,,false,
891367472,EL ENIGMA,MUSIC OF AFINARTE,"RAMIREZ, ROBERTO MIRANDA",100.00%,,false,
891410449,CHAPULIN,MELODIES OF AFINARTE,"RIOS ECHEVERRIA, ADRIANA ISABEL",100.00%,,false,
891360845,EL MEJOR LUGAR,MELODIES OF AFINARTE,"DIAZ, BORJA GERARDO",100.00%,,false,
901733073,"FRESA, EL",MELODIES OF AFINARTE,"DIAZ, BORJA GERARDO",100.00%,,false,
895179637,EL GUANTES DE ORO,MELODIES OF AFINARTE,"ONTIVEROS GASTELUM, JOSE ANGEL",100.00%,,false,
897293176,"DEL MERCADITO, EL",MELODIES OF AFINARTE,"LEON MEZA, SERGIO BLADIMIR",100.00%,,false,
884657556,SOY GUERRERO Y MICHOACAN,SONGS OF AFINARTE,KANALES,100.00%,,false,
901733072,"SUCESOR, EL",MELODIES OF AFINARTE,"DIAZ, BORJA GERARDO",100.00%,,false,
886299292,"TORO, EL",MUSIC OF AFINARTE,"RAMIREZ, ROBERTO MIRANDA",100.00%,,false,
891418054,EL CORRIDO DEL RUSO,SONGS OF AFINARTE,"ANGULO PEREZ, JESUS OTONIEL",100.00%,,false,
894931027,LOS CIMIENTOS DEL IMPERIO,MUSIC OF AFINARTE,"AVILEZ, DANILO",100.00%,,false,
904413268,EL P8,SONGS OF AFINARTE,"COBIAN CARO, RAFAEL",100.00%,,false,
901463874,PERFECTA,SONGS OF AFINARTE,"QUEZADA, IMANOL",100.00%,,false,
891303136,LA BANDERA,MELODIES OF AFINARTE,"GUZMAN SANCHEZ, JUAN LUIS",100.00%,,false,
891355057,DEL MONTE SOY,SONGS OF AFINARTE,"HAROS, PEDRO",100.00%,,false,
886290227,"PENGUIN, EL",MELODIES OF AFINARTE,"GARCIA, ALEXANDER",100.00%,,false,
901659684,CABRON POR OFICIO,SONGS OF AFINARTE,"CERVANTES, ALEXANDER",100.00%,,false,
891303124,EL CORRIDO DE DON CARLOS,MELODIES OF AFINARTE,"GUZMAN SANCHEZ, JUAN LUIS",100.00%,,false,
877096268,FELICIANO,SONGS OF AFINARTE,"HAROS, PEDRO",100.00%,,false,
897293173,DOLOR AL CORAZON,MELODIES OF AFINARTE,"LEON MEZA, SERGIO BLADIMIR",100.00%,,false,
901659946,SOLA,MELODIES OF AFINARTE,"ARREDONDO ZAMORA, DE JESUS ELEAZAR",100.00%,,false,
891304386,LA MORA,SONGS OF AFINARTE,"QUEZADA MANCHA, IMANOL",100.00%,,false,
891355085,SE MARCABAN BIEN MIS PASOS,SONGS OF AFINARTE,"HAROS, PEDRO",100.00%,,false,
886290218,POR TI ES PURO AMOR,MELODIES OF AFINARTE,"AVITA AUDELO, JULIO CESAR/UNKNOWN",100.00%,,false,
884474116,SERENATA EN MAYO,SONGS OF AFINARTE,"HAROS, VALENTIN/TAPIA CAMACHO, MARIO",100.00%,,false,
885245667,SOY HOMBRE SOY PISTOLERO,MELODIES OF AFINARTE,"AVITA AUDELO, JULIO CESAR",100.00%,,false,
891360749,EL SONRIENTE,MELODIES OF AFINARTE,"AVITA AUDELO, JULIO CESAR",100.00%,,false,
891360550,TU RECUERDO,MELODIES OF AFINARTE,"BARRAGAN, JESUS",100.00%,,false,
886299315,MI VIEJO,SONGS OF AFINARTE,"HAROS, PEDRO",100.00%,,false,
891360848,FRANCO TABAREZ,MELODIES OF AFINARTE,"DIAZ, BORJA GERARDO",100.00%,,false,
905380628,ZERO MIEDO,MELODIES OF AFINARTE,"ZAPATA, ORLANDO/ZAPATA, ROLANDO",100.00%,,false,
901463865,ME PARECE UN CUENTO,MELODIES OF AFINARTE,"SALAZAR ASTORGA, RUBEN",100.00%,,false,
891360739,SANGRE DE DURANGO,MELODIES OF AFINARTE,"QUEZADA MANCHA, ALFONSO DE JESUS",100.00%,,false,
891360546,SI ME PIDEN UN PARO,MELODIES OF AFINARTE,"SAUCEDA GASTELUM, ANGEL RENE",100.00%,,false,
886290132,CON DINERO TODO SE COMPRA,MELODIES OF AFINARTE,"BORJA, GERARDO DIAZ/DIAZ DE LEON HUEZ, OSCAR ARMANDO/DIAZ, BORJA GERARDO",100.00%,,false,
901463806,CALDERON ES APODADO,SONGS OF AFINARTE,"GARCIA, NICOLAS",100.00%,,false,
901463877,SOMOS DE DURANGO,MELODIES OF AFINARTE,"GARCIA, ALEXANDER",100.00%,,false,
887108366,DE BOTA Y SOMBRERO,MUSIC OF AFINARTE,"BRACAMONTES, JUAN CARLOS/GURROLA MARTINES, EDUARDO",100.00%,,false,
901659775,EL COCHITO,SONGS OF AFINARTE,"RAMIREZ, MALDONADO JUAN",100.00%,,false,
901463881,TODO PERDI,MELODIES OF AFINARTE,"QUEZADA MANCHA, ALFONSO DE JESUS/QUEZADA, IMANOL",50.00%,,false,
901463820,"BORRACHO, EL",SONGS OF AFINARTE,"QUEZADA, IMANOL",100.00%,,false,
901463849,"FIESTA, LA",SONGS OF AFINARTE,"QUEZADA, IMANOL",100.00%,,false,
895179708,JESUS ALBINO,MUSIC OF AFINARTE,"RAMIREZ MIRANDA, RICARDO",100.00%,,false,
901659666,LE CALE A QUIEN LE CALE,SONGS OF AFINARTE,"CALDERON, OSCAR/PEREZ RODRIGUEZ, OFELIA ALEJANDRA/RIOS ECHEVERRIA, ADRIANA ISABEL",100.00%,,false,
884473800,EL MELE,SONGS OF AFINARTE,KANALES,100.00%,,false,
901659939,POSITIVO Y PA' DELANTE,MELODIES OF AFINARTE,"SAUCEDA GASTELUM, ANGEL RENE",100.00%,,false,
901733175,SI ME PEGO MANANA,MELODIES OF AFINARTE,"ARREDONDO ZAMORA, DE JESUS ELEAZAR",100.00%,,false,
895179639,EL RAZO,MELODIES OF AFINARTE,"ONTIVEROS GASTELUM, JOSE ANGEL",100.00%,,false,
901463822,"COMPA JESSY, EL",MELODIES OF AFINARTE,"ORDONEZ MONTENEGRO, JESUS ALBERT",100.00%,,false,
905381048,SE TE ACABO TU BABOSO,SONGS OF AFINARTE,"NAVARRO, ALBERTO IBARRA",100.00%,,false,
897293175,"DE CALEXICO, EL",MELODIES OF AFINARTE,"LEON MEZA, SERGIO BLADIMIR",100.00%,,false,
879578416,EL LENGUA SUELTA,MELODIES OF AFINARTE,"GARCIA, ALEXANDER",100.00%,,false,
891355066,ANTONIO LOPEZ,SONGS OF AFINARTE,"HAROS, PEDRO",100.00%,,false,
885384457,"CELOS, LOS",MELODIES OF AFINARTE,"DIAZ, BORJA GERARDO",100.00%,,false,
886289785,CHAPO MARIN,MELODIES OF AFINARTE,"ALVAREZ, ANTONIO",100.00%,,false,
878442606,MACHACA DE VENADO,SONGS OF AFINARTE,"HAROS, PEDRO",100.00%,,false,
876645453,EQUIPO ARMADO,MELODIES OF AFINARTE,"GARCIA, ALEXANDER",100.00%,,false,
901463825,"DUBA, EL",SONGS OF AFINARTE,"QUEZADA, IMANOL",100.00%,,false,
878318046,REINA LA FALSEDAD,SONGS OF AFINARTE,"RAMOS GAXIOLA, JAIRO DE JESUS",100.00%,,false,
891303125,EL DE COLIMA,MELODIES OF AFINARTE,"GUZMAN SANCHEZ, JUAN LUIS",100.00%,,false,
891471239,EL GUERO POCHOTE,MUSIC OF AFINARTE,"GURROLA MARTINES, EDUARDO",100.00%,,false,
895179641,JUAN MANUEL,MELODIES OF AFINARTE,"ONTIVEROS GASTELUM, JOSE ANGEL",100.00%,,false,
879320655,DESDE QUE TE VI,SONGS OF AFINARTE,"HAROS, PEDRO",100.00%,,false,
891367495,PEPON LOCUAZ,MUSIC OF AFINARTE,"RAMIREZ, ROBERTO MIRANDA",100.00%,,false,
909556265,ESTE JUEGO,SONGS OF AFINARTE,"AISPURO, MANUEL ALEJANDRO LOPEZ",100.00%,,false,
876645410,"CORRIDO DEL NANO, EL",MELODIES OF AFINARTE,"GARCIA, ALEXANDER",100.00%,,false,
886290196,CUANDOD ME VAYA,MELODIES OF AFINARTE,"CASTILLO, JOSE BARRAZA",100.00%,,false,
897302886,TANTO TIENES TANTO VALES,MELODIES OF AFINARTE / SONGS OF AFINARTE,"GONZALEZ LOPEZ, ANGEL ALBERTO/SANDOVAL GASTELUM, TEHOJARI",100.00%,,false,
891304384,EL RANCHERO,SONGS OF AFINARTE,"QUEZADA MANCHA, IMANOL",100.00%,,false,
884474096,LEYES DE MI RANCHO,SONGS OF AFINARTE,KANALES,100.00%,,false,
885343782,"TRAMPOLIN, EL",SONGS OF AFINARTE,"HAROS, PEDRO",100.00%,,false,
891471248,LOS VALORES,MUSIC OF AFINARTE,"SALAZAR ASTORGA, RUBEN",100.00%,,false,
901660068,EL PASCUAL CARTEL,SONGS OF AFINARTE,"DAVILA, ISIDRO",100.00%,,false,
891360746,EL PROFE,MELODIES OF AFINARTE,"AVITA AUDELO, JULIO CESAR",100.00%,,false,
895179710,ME BAUTIZO LA MAFIA,SONGS OF AFINARTE,"GARCIA, RODOLFO",100.00%,,false,
876645459,LUCIANO DE LAS CANAS,MELODIES OF AFINARTE,"GARCIA, ALEXANDER",100.00%,,false,
886299287,"CAPITAN, EL",MUSIC OF AFINARTE,"RAMIREZ, ROBERTO MIRANDA",100.00%,,false,
886536387,SOY DE DURANGO,MELODIES OF AFINARTE,"GURROLA-MARTINEZ, EDUARDO",100.00%,,false,
895179678,EL DOBLE M,MELODIES OF AFINARTE,"ZAPATA, ORLANDO",100.00%,,false,
897302676,MUERTO EN VIDA,MELODIES OF AFINARTE,"ORDONEZ MONTENEGRO, JESUS ALBERT",100.00%,,false,
891304379,MEMORIAS DE LA MAFIA,MUSIC OF AFINARTE,"AVILEZ, DANILO",100.00%,,false,
879320680,QUIERO MIRAR,SONGS OF AFINARTE,"HAROS, PEDRO",100.00%,,false,
897302898,HOME RUN,MELODIES OF AFINARTE,"QUEZADA MANCHA, ALFONSO DE JESUS",100.00%,,false,
884416470,TREMENTINA,SONGS OF AFINARTE,KANALES,100.00%,,false,
901733222,"DORMI, EL",SONGS OF AFINARTE,"COBIAN CARO, RAFAEL",100.00%,,false,
891360548,SOY EL MISMO,MELODIES OF AFINARTE,"SAUCEDA GASTELUM, ANGEL RENE",100.00%,,false,
878442703,EL UNO ES CARO,SONGS OF AFINARTE,"HAROS, PEDRO",100.00%,,false,
901463830,"MAYOR, EL",MELODIES OF AFINARTE,"BUSTOS HURTADO, ALEMI",100.00%,,false,
878484003,VICTORINO LOPEZ,SONGS OF AFINARTE,"HAROS, PEDRO",100.00%,,false,
901463818,"BATEADOR, EL",SONGS OF AFINARTE,"SOLANO, JOSE",100.00%,,false,
891303133,EL VH,MELODIES OF AFINARTE,"GUZMAN SANCHEZ, JUAN LUIS",100.00%,,false,
901463847,"CHAPIZA, LA",MELODIES OF AFINARTE,"GARCIA, ALEXANDER",100.00%,,false,
895179682,PA' LLEGAR A SER GRANDE,MELODIES OF AFINARTE,"ZAPATA, ORLANDO",100.00%,,false,
886106598,CORRIDO DE BENITO,SONGS OF AFINARTE,"HAROS, PEDRO",100.00%,,false,
901660167,EL CUATE,SONGS OF AFINARTE,"COBIAN CARO, RAFAEL",100.00%,,false,
901463816,"AZUL, EL",SONGS OF AFINARTE,"QUEZADA, IMANOL",100.00%,,false,
884672996,EL CORRIDO DE LALO,MELODIES OF AFINARTE,"RODRIGUEZ MONDRAGON, ANGEL ALEXIS",100.00%,,false,
904413267,EL LUISON,SONGS OF AFINARTE,"COBIAN CARO, RAFAEL",100.00%,,false,
876645462,ME LLAMO RAFAEL,MELODIES OF AFINARTE,"GARCIA, ALEXANDER",100.00%,,false,
897302885,SEIS TIROS DE BALA,MELODIES OF AFINARTE,"GONZALEZ LOPEZ, ANGEL ALBERTO",100.00%,,false,
891360549,TE PERTENEZCO,MELODIES OF AFINARTE,"SAUCEDA GASTELUM, ANGEL RENE",100.00%,,false,
886299258,TIGRE DE FIGURA,MELODIES OF AFINARTE,"GUZMAN SANCHEZ, JUAN LUIS",100.00%,,false,
886299302,CAUSA Y EFECTO,SONGS OF AFINARTE,"HAROS, PEDRO",100.00%,,false,
901463864,ME ESTOY ACOSTUMBRANDO,SONGS OF AFINARTE,"QUEZADA, IMANOL",100.00%,,false,
901733139,"VIDA, LA",SONGS OF AFINARTE,"CERVANTES, ALEXANDER",100.00%,,false,
897293370,"COMANCHE, EL",MELODIES OF AFINARTE,"ORDONEZ MONTENEGRO, JESUS ALBERT",100.00%,,false,
901660144,VOY A BRINDAR POR MI RAZA,SONGS OF AFINARTE,"AMARO, MANUEL MOLINA",100.00%,,false,
891304385,EL SONRIENTE DE DURANGO,SONGS OF AFINARTE,"QUEZADA MANCHA, IMANOL",100.00%,,false,
901659770,FALSOS AMIMGOS,SONGS OF AFINARTE,"RAMIREZ, MALDONADO JUAN",100.00%,,false,
884474097,MALENO HAROS,SONGS OF AFINARTE,KANALES,100.00%,,false,
901463826,"GAVILAN, EL",SONGS OF AFINARTE,"ANGULO PEREZ, JESUS OTONIEL",100.00%,,false,
897302656,"SOLDADO, EL",MELODIES OF AFINARTE,"ONTIVEROS GASTELUM, JOSE ANGEL",100.00%,,false,
897302431,NO ME VOLTEARON A MIRAR,MELODIES OF AFINARTE,"SAUCEDA GASTELUM, ANGEL RENE",100.00%,,false,
891416152,CON VERTE A TI,MUSIC OF AFINARTE,"SALAZAR ASTORGA, RUBEN/TARAZON, JESUS OMAR",100.00%,,false,
889748979,"ENVIDIOSO, EL",MELODIES OF AFINARTE,"QUEZADA MANCHA, ALFONSO DE JESUS",100.00%,,false,
901463868,MI VIDA,MELODIES OF AFINARTE,"AGUILERA, AMADOR/GONZALEZ, LIAN",100.00%,,false,
884725631,PINAS DE HAWAII,SONGS OF AFINARTE,KANALES,100.00%,,false,
897302673,"LAKO, EL",MELODIES OF AFINARTE,"ORDONEZ MONTENEGRO, JESUS ALBERT",100.00%,,false,
899644172,CONMEMORACIÓN ARTURO BELTRÁN,SONGS OF AFINARTE,"AVILES, ARTURO",100.00%,,false,
891367471,EL DE PLACERES DE ORO,MUSIC OF AFINARTE,"RAMIREZ, ROBERTO MIRANDA",100.00%,,false,
895179679,EL HUMILDE,MELODIES OF AFINARTE,"ZAPATA, ORLANDO",100.00%,,false,
876871863,EL ULTIMO NOVENARIO,SONGS OF AFINARTE,"HAROS, PEDRO",100.00%,,false,
896935685,"TUYA LA MIA Y LA QUE ES, LA",MELODIES OF AFINARTE,"DIAZ, BORJA GERARDO",100.00%,,false,
885299815,PA LOS MAL AGRADECIDOS,MELODIES OF AFINARTE,"DIAZ DE LEON HUEZ, OSCAR ARMANDO",100.00%,,false,
891304376,AY NOMAS,SONGS OF AFINARTE,"QUEZADA MANCHA, IMANOL",100.00%,,false,
891355070,EL CHAPO Y EL GUERO PALMA (FEAT. NACHO HERNANDEZ),SONGS OF AFINARTE,"HAROS, PEDRO",100.00%,,false,
878294568,EL JLCC,MELODIES OF AFINARTE,"ONTIVEROS GASTELUM, JOSE ANGEL",100.00%,,false,
902211220,LIC PONCE,SONGS OF AFINARTE,"QUEZADA MANCHA, ALFONSO DE JESUS/QUEZADA, IMANOL",100.00%,,false,
890789552,VIDA VENTAJOSA,SONGS OF AFINARTE,"QUEZADA, IMANOL",100.00%,,false,
878230050,CORONAS DORADAS,SONGS OF AFINARTE,"HAROS, PEDRO",100.00%,,false,
891360850,ME ENGAÑASTE Y HOY TE VAS,MELODIES OF AFINARTE,"DIAZ, BORJA GERARDO",100.00%,,false,
885384450,"COMPA FOO, EL",MELODIES OF AFINARTE,"DIAZ, BORJA GERARDO",100.00%,,false,
891361029,LOS ENJAMBRES,MELODIES OF AFINARTE,"GARCIA, ALEXANDER/LIMON, PERLA ELENES",100.00%,,false,
886299255,QUE TE QUIERO,MELODIES OF AFINARTE,"ALVAREZ, ANTONIO",100.00%,,false,
895179621,SI LO MIRAN SOLO,MUSIC OF AFINARTE,"GURROLA, EDUARDO",100.00%,,false,
876872434,SE MARCARON BIEN MIS PASOS,SONGS OF AFINARTE,"HAROS, PEDRO",100.00%,,false,
899644173,HISTORIA GUZMÁN,SONGS OF AFINARTE,"AVILES, ARTURO",100.00%,,false,
901660146,LA VIDA DEL RANCHERO,SONGS OF AFINARTE,"AMARO, MANUEL MOLINA",100.00%,,false,
901463851,"MAYIZA, LA",MELODIES OF AFINARTE,"GARCIA, ALEXANDER",100.00%,,false,
897293181,"GOMA Y LA CHIVA, LA",MELODIES OF AFINARTE,"LEON MEZA, SERGIO BLADIMIR",100.00%,,false,
891410453,PORQUE NO ME ESPERASTE?,MELODIES OF AFINARTE,"RIOS ECHEVERRIA, ADRIANA ISABEL",100.00%,,false,
897302434,SIGO CON LO MIO,MELODIES OF AFINARTE,"SAUCEDA GASTELUM, ANGEL RENE",100.00%,,false,
901463833,"POTRO DEL ALMA (HUAPANGO), EL",SONGS OF AFINARTE,"QUEZADA, IMANOL",100.00%,,false,
891416151,YO SIN TU AMOR,MUSIC OF AFINARTE,"SALAZAR ASTORGA, RUBEN",100.00%,,false,
891471250,POR UN BUEN FUTURO,MELODIES OF AFINARTE,"SAUCEDA, ANGEL",100.00%,,false,
891304375,DESDE HOY,MUSIC OF AFINARTE,"GURROLA MARTINES, EDUARDO",100.00%,,false,
901660131,LA FUGA DEL BANDA,MELODIES OF AFINARTE,"GUZMAN SANCHEZ, JUAN LUIS",100.00%,,false,
886289789,"POSADA DEL AO, LA",MELODIES OF AFINARTE,"ALVAREZ, ANTONIO",100.00%,,false,
891355089,ULTIMA BATALLA DEL M1,SONGS OF AFINARTE,"HAROS, PEDRO",100.00%,,false,
901376213,ENTRE PINOS Y ENCINERAS,SONGS OF AFINARTE,"AMARO PEREZ, VICTOR EDUARDO/NUNEZ, GABRIEL",100.00%,,false,
878119184,LAS VERDADES,MELODIES OF AFINARTE,"DIAZ DE LEON HUEZ, OSCAR ARMANDO/GONZALEZ, JAVIER/MUNOZ LOZA, RICARDO MICHEL",100.00%,,false,
909556263,"TORTU, LA",SONGS OF AFINARTE,"QUEZADA MANCHA, ALFONSO DE JESUS",100.00%,,false,
901463824,"CP3, EL",MELODIES OF AFINARTE,"GUZMAN SANCHEZ, JUAN LUIS",100.00%,,false,
901349773,LA VIDA DE RANCHO,MELODIES OF AFINARTE,"GARCIA, ALEXANDER",100.00%,,false,
895179712,POR MI MALDAD,SONGS OF AFINARTE,"GARCIA, RODOLFO",100.00%,,false,
901463846,HUARACHES DE ARANA,MELODIES OF AFINARTE,"BUSTOS HURTADO, ALEMI",100.00%,,false,
891355075,EN REVOLUCIONES,SONGS OF AFINARTE,"HAROS, PEDRO",100.00%,,false,
886289787,CRUZ POR HERENCIA,MELODIES OF AFINARTE,"ALVAREZ, ANTONIO",100.00%,,false,
887113010,LA CARGA,MELODIES OF AFINARTE,"LIMON, ELENES",100.00%,,false,
899644167,DE JALISCO A GUANAJUATO,MELODIES OF AFINARTE,"ZAPATA, ORLANDO",100.00%,,false,
897293170,CORRIDO DE ANTONIO LEON,MELODIES OF AFINARTE,"LEON MEZA, SERGIO BLADIMIR",100.00%,,false,
901660087,ESTA NOCHE VENGO A VERTE,MELODIES OF AFINARTE,"SANCHEZ MEDRANO, JOSE GUADALUPE",100.00%,,false,
902211219,"ORGANIZACION, LA",SONGS OF AFINARTE,"QUEZADA, IMANOL",100.00%,,false,
901733140,RULETEANDO LA BAHIA,SONGS OF AFINARTE,"CERVANTES, ALEXANDER",100.00%,,false,
905380551,SE HA DE VER,SONGS OF AFINARTE,"REYES, FERNANDO VALENZUELA",100.00%,,false,
901463873,PEPON,MELODIES OF AFINARTE,"QUEZADA MANCHA, ALFONSO DE JESUS",100.00%,,false,
891471243,ME HUNDES ME ACABAS,MELODIES OF AFINARTE,"LOPEZ, LLANES CRISTIANO",100.00%,,false,
901733055,YO SOY EL RUSO,MELODIES OF AFINARTE,"SANCHEZ MEDRANO, JOSE GUADALUPE",100.00%,,false,
901463802,ACLARANDO AMANECE,MELODIES OF AFINARTE,"FAVELA, JOSE ALBERTO INZUNZA",100.00%,,false,
876864687,FIEL COMPANERO,MELODIES OF AFINARTE,"GARCIA, ALEXANDER",100.00%,,false,
901733274,"DIABLO JR, EL",MELODIES OF AFINARTE,"FELIX, LUIS ENRIQUE",100.00%,,false,
901733168,"HAKAY, EL",MELODIES OF AFINARTE,"SAUCEDA GASTELUM, ANGEL RENE",100.00%,,false,
901390029,YO SOY LA PUERCA O EL ANIMAL,SONGS OF AFINARTE,"COBIAN CARO, RAFAEL",100.00%,,false,
895179633,SIN RASPAR MUEBLES,SONGS OF AFINARTE,"ANGULO PEREZ, JESUS OTONIEL",100.00%,,false,
886299317,TRES REYES,SONGS OF AFINARTE,"HAROS, PEDRO",100.00%,,false,
899598708,EL LV,MELODIES OF AFINARTE,"DIAZ, BORJA GERARDO",100.00%,,false,
884473869,HARINA Y COCAINA,SONGS OF AFINARTE,KANALES,100.00%,,false,
879596849,"PARIENTE, EL",MELODIES OF AFINARTE,"RODRIGUEZ MONDRAGON, ANGEL ALEXIS",100.00%,,false,
891361544,SOY EL CALENTANO,MELODIES OF AFINARTE,"SANCHEZ MEDRANO, JOSE GUADALUPE",100.00%,,false,
899598709,JUNTOS LOS DOS,MELODIES OF AFINARTE,"DIAZ, BORJA GERARDO",100.00%,,false,
886290152,"SERIO, EL",MELODIES OF AFINARTE,"DIAZ, BORJA GERARDO",100.00%,,false,
886299312,HOMBRE DE 14 ANOS,SONGS OF AFINARTE,"HAROS, PEDRO",100.00%,,false,
901660139,TRAIGO GANAS DE EMPEDARME,SONGS OF AFINARTE,"RAMIREZ, MALDONADO JUAN",100.00%,,false,
885384444,CON LAS DUDAS ENCIMA,MELODIES OF AFINARTE,"DIAZ, BORJA GERARDO",100.00%,,false,
891355073,ELEMENTO PRIMARIO,SONGS OF AFINARTE,"HAROS, PEDRO",100.00%,,false,
891360852,MI ULTIMA CARAVANA,MELODIES OF AFINARTE,"DIAZ, BORJA GERARDO",100.00%,,false,
891303134,ENGAÑO A LOS DOS,MELODIES OF AFINARTE,"GUZMAN SANCHEZ, JUAN LUIS",100.00%,,false,
891303135,FUE MI ANHELO,MELODIES OF AFINARTE,"GUZMAN SANCHEZ, JUAN LUIS",100.00%,,false,
891411127,LA RAPTOR,MELODIES OF AFINARTE,"FELIX, LUIS ENRIQUE",100.00%,,false,
886299310,"R DE LA PERLA, EL",SONGS OF AFINARTE,"HAROS, PEDRO",100.00%,,false,
891418055,VICENTE RAMIREZ,SONGS OF AFINARTE,"COTA, RAMIREZ JESUS LENIN",100.00%,,false,
899644147,LA CUMBIA DEL GUILLO,MELODIES OF AFINARTE,"FELIX, LUIS ENRIQUE",100.00%,,false,
891304390,TRISTES NAVIDADES,SONGS OF AFINARTE,"QUEZADA MANCHA, ALFONSO DE JESUS/QUEZADA MANCHA, IMANOL",100.00%,,false,
901463804,AY AMOR,MELODIES OF AFINARTE,"QUEZADA MANCHA, ALFONSO DE JESUS",100.00%,,false,
901733046,MI EQUIPO SON 4 LETRAS,MELODIES OF AFINARTE,"SANCHEZ MEDRANO, JOSE GUADALUPE",100.00%,,false,
901463821,"CHACO DE CALIFORNIA, EL",MELODIES OF AFINARTE,"DIAZ, BORJA GERARDO",100.00%,,false,
884473985,LA MACA,SONGS OF AFINARTE,KANALES,100.00%,,false,
891482261,ALAS DE PAPEL,SONGS OF AFINARTE,"HAROS, PEDRO",100.00%,,false,
891414867,EL ALAMO,SONGS OF AFINARTE,"QUINONES GASTELUM, GREGORIO",100.00%,,false,
885343783,SERENATO EN MAYO,SONGS OF AFINARTE,"HAROS, PEDRO",100.00%,,false,
901463848,"CULPA ES MIA, LA",SONGS OF AFINARTE,"QUEZADA, IMANOL",100.00%,,false,
891355069,DUENA DE NEGRO,SONGS OF AFINARTE,"HAROS, PEDRO",100.00%,,false,
891410454,SE ACABO,MELODIES OF AFINARTE,"RIOS ECHEVERRIA, ADRIANA ISABEL",100.00%,,false,
901659776,A PUNTO DE LLORAR,SONGS OF AFINARTE,"RAMIREZ, MALDONADO JUAN",100.00%,,false,
901660049,DE LA COMARCA VENGO,SONGS OF AFINARTE,"QUEZADA MANCHA, IMANOL",100.00%,,false,
876645502,VICENTE LIMóN,MELODIES OF AFINARTE,"GARCIA, ALEXANDER",100.00%,,false,
905380353,EL MENSO,SONGS OF AFINARTE,"QUEZADA, ALFONSO DE JESUS JR",100.00%,,false,
901390332,YA AGARRÉ VUELO,SONGS OF AFINARTE,"AMARO PEREZ, VICTOR EDUARDO/NUNEZ, GABRIEL",100.00%,,false,
878897789,EL CALENTANO,MELODIES OF AFINARTE,"SANCHEZ MEDRANO, JOSE GUADALUPE",100.00%,,false,
899644146,EL CESAR PILOTO,MELODIES OF AFINARTE,"FELIX, LUIS ENRIQUE",100.00%,,false,
891361540,EL AMIGO DE LA LIMA,MELODIES OF AFINARTE,"SANCHEZ MEDRANO, JOSE GUADALUPE",100.00%,,false,
905380513,UN RELATO,MELODIES OF AFINARTE,"BUSTOS HURTADO, ALEMI",100.00%,,false,
901660174,VETE MUCHO A LA CHINGADA,SONGS OF AFINARTE,"AMARO PEREZ, VICTOR EDUARDO",100.00%,,false,
901463827,"GORDO, EL",MELODIES OF AFINARTE,"BUSTOS HURTADO, ALEMI",100.00%,,false,
891410455,SIGO SIENDO YO,MELODIES OF AFINARTE,"RIOS ECHEVERRIA, ADRIANA ISABEL",100.00%,,false,
891303140,PILOTO TIJERAS,MELODIES OF AFINARTE,"GUZMAN SANCHEZ, JUAN LUIS",100.00%,,false,
891360738,RADICANDO POR CHICAGO,MELODIES OF AFINARTE,"QUEZADA MANCHA, ALFONSO DE JESUS",100.00%,,false,
877102459,AURELIO SANCHEZ QUINTERO,MELODIES OF AFINARTE,"GARCIA, ALEXANDER",100.00%,,false,
878405701,"JAVI, EL",MELODIES OF AFINARTE,"RODRIGUEZ MONDRAGON, ANGEL ALEXIS",100.00%,,false,
901659846,LA PROPINA,SONGS OF AFINARTE,"QUEZADA MANCHA, ALFONSO DE JESUS",100.00%,,false,
891355064,PIÑAS DE HAWAII,SONGS OF AFINARTE,"HAROS, PEDRO",100.00%,,false,
884474117,TIROS Y FLORES,SONGS OF AFINARTE,KANALES,100.00%,,false,
891416150,TIEMPO DE CELEBRAR,MUSIC OF AFINARTE,"SALAZAR ASTORGA, RUBEN",100.00%,,false,
877086687,EL RAYO,SONGS OF AFINARTE,"COTA, RAMIREZ JESUS LENIN",100.00%,,false,
901349775,JUANITO MUJERES,MELODIES OF AFINARTE,"GARCIA, ALEXANDER/QUEZADA MANCHA, ALFONSO DE JESUS/QUEZADA MANCHA, IMANOL",100.00%,,false,
884725602,AMADO FUE AMADO,SONGS OF AFINARTE,"HAROS, PEDRO",100.00%,,false,
891303122,BAJO UN CHALATE,MELODIES OF AFINARTE,"GUZMAN SANCHEZ, JUAN LUIS",100.00%,,false,
886390154,DE MI VIEJO,MELODIES OF AFINARTE,"DIAZ DE LEON HUEZ, OSCAR ARMANDO",100.00%,,false,
888614538,EN UNA RAMADA,SONGS OF AFINARTE,"HAROS, PEDRO",100.00%,,false,
897293183,MAURICIO JR,MELODIES OF AFINARTE,"LEON MEZA, SERGIO BLADIMIR",100.00%,,false,
901376155,"LUZ, LA",MELODIES OF AFINARTE,"ARREDONDO ZAMORA, DE JESUS ELEAZAR/OTERO APONTE, ALEXANDER",100.00%,,false,
901463829,"JEFE BARRERA, EL",MELODIES OF AFINARTE,"DIAZ, BORJA GERARDO",100.00%,,false,
886291532,EL CENTENARIO/MI 45,MELODIES OF AFINARTE,,100.00%,,false,
886290140,"CONSENTIDO, EL",MELODIES OF AFINARTE,"DIAZ, BORJA GERARDO",100.00%,,false,
901344971,"PIRO, EL",MELODIES OF AFINARTE,"BUSTOS HURTADO, ALEMI",100.00%,,false,
897293174,"3 DE LOS AVENDANO, EL",MELODIES OF AFINARTE,"LEON MEZA, SERGIO BLADIMIR",100.00%,,false,
886290217,"BORRACHERA, LA",MELODIES OF AFINARTE,"AVITA AUDELO, JULIO CESAR/UNKNOWN",100.00%,,false,
887302982,ESCAPULARIO,SONGS OF AFINARTE,"HAROS, PEDRO",100.00%,,false,
909556267,TIKTOK TIKTOK,SONGS OF AFINARTE,"MURILLO ZAZUETA, MIGUEL GUADALUPE",100.00%,,false,
886299249,"PASTOR, EL",MELODIES OF AFINARTE,"LIMON, PERLA ELENES",100.00%,,false,
891361026,EL CORRIDO DEL NANO (EN VIVO),MELODIES OF AFINARTE,"GARCIA, ALEXANDER",100.00%,,false,
884474063,"PUA DE LOS ALAMBRES, LA",SONGS OF AFINARTE,"HAROS, PEDRO",100.00%,,false,
885245554,"PATA SECA, EL",MELODIES OF AFINARTE,"AVITA AUDELO, JULIO CESAR",100.00%,,false,
891360732,EL POLLO,MELODIES OF AFINARTE,"QUEZADA MANCHA, ALFONSO DE JESUS",100.00%,,false,
878230526,LOS ELOTES,SONGS OF AFINARTE,"HAROS, PEDRO",100.00%,,false,
891416148,SI YA NO ME QUIERES,MUSIC OF AFINARTE,"TARAZON, JESUS OMAR",100.00%,,false,
901660160,EL PARRANDERO,MELODIES OF AFINARTE,"ZAPATA, ORLANDO/ZAPATA, ROLANDO",100.00%,,false,
897293372,"CORRIDO DEL 20, EL",MELODIES OF AFINARTE,"ORDONEZ MONTENEGRO, JESUS ALBERT",100.00%,,false,
886299286,"CALLADO, EL",MUSIC OF AFINARTE,"RAMIREZ, ROBERTO MIRANDA",100.00%,,false,
897293365,CÓMO LE HAGO?,MELODIES OF AFINARTE / MUSIC OF AFINARTE / SONGS OF AFINARTE,"ARREDONDO ZAMORA, DE JESUS ELEAZAR/CORONADO, ROMAN/DAVILA, ISIDRO/FELIX, LUIS ENRIQUE/GUZMAN SANCHEZ, JUAN LUIS/LOPEZ, MACIAS RIGO ELEAZAR/OLEA MONTES, NESTOR ADALID/OLEA-MENESSES, NESTOR SAID/ORDONEZ MONTENEGRO, JESUS ALBERT/SAUCEDA GASTELUM, ANGEL RENE/ZAPATA, ORLANDO",100.00%,,false,
886546154,EL CIRCO,MELODIES OF AFINARTE / MUSIC OF AFINARTE,"GARCIA, ALEXANDER/GURROLA MARTINES, EDUARDO",100.00%,,false,
891361024,ATENTAMENTE ZAMBADA (TAURO VETERANO),MELODIES OF AFINARTE / SONGS OF AFINARTE,"GARCIA, ALEXANDER/QUEZADA MANCHA, IMANOL",100.00%,,false,
901463866,MENDIGOS BORRACHOS,SONGS OF AFINARTE,"SOLANO, JOSE",100.00%,,false,
892366562,"REY DEL MUNDO, EL",MELODIES OF AFINARTE,"MUNOZ CANTU, RODOLFO EDEN/UNKNOWN",50.00%,,false,
891360745,EL GABITO,MELODIES OF AFINARTE,"AVITA AUDELO, JULIO CESAR",100.00%,,false,
901376250,EL MALO HOY SERE,MELODIES OF AFINARTE,"DIAZ, BORJA GERARDO",100.00%,,false,
897302435,UN BUEN GALLO,MELODIES OF AFINARTE,"SAUCEDA GASTELUM, ANGEL RENE",100.00%,,false,
882203195,LOS CABALLEROS,MELODIES OF AFINARTE,"GARCIA, ALEXANDER/LIMON, PERLA ELENES",100.00%,,false,
891355081,LAS CAPITANAS,SONGS OF AFINARTE,"HAROS, PEDRO",100.00%,,false,
886289791,PRESUMIENDO NUEVO AMOR,MELODIES OF AFINARTE,"ALVAREZ, ANTONIO",100.00%,,false,
901376256,MIS RAÍCES,SONGS OF AFINARTE,"QUEZADA, IMANOL",100.00%,,false,
891360731,EL GALLO POBRE,MELODIES OF AFINARTE,"QUEZADA MANCHA, ALFONSO DE JESUS",100.00%,,false,
886547176,"VIEJA ESCUELA, LA",MUSIC OF AFINARTE,"GURROLA MARTINES, EDUARDO",100.00%,,false,
897293180,"CUMBIA DEL TINIO, LA",MELODIES OF AFINARTE,"LEON MEZA, SERGIO BLADIMIR",100.00%,,false,
885299805,"AHUATITO, EL",MELODIES OF AFINARTE,"DIAZ DE LEON HUEZ, OSCAR ARMANDO",100.00%,,false,
901344975,PEPE EL PERSONAJE,MELODIES OF AFINARTE,"BUSTOS HURTADO, ALEMI",100.00%,,false,
891304374,AL ESTILO RANCHERON,SONGS OF AFINARTE,"QUEZADA MANCHA, IMANOL",100.00%,,false,
901463867,MI IDOLATRIA,MELODIES OF AFINARTE,"RODRIGUEZ, FRANCISCO JAVIER BARRAZA",100.00%,,false,
901390316,YO SOY EL MANDO 18,SONGS OF AFINARTE,"COBIAN CARO, RAFAEL",100.00%,,false,
896935681,SIGO SIENDO EL MAGO,MELODIES OF AFINARTE,"SANCHEZ MEDRANO, JOSE GUADALUPE",100.00%,,false,
891361543,SE ABRIO LA PUERTA,MELODIES OF AFINARTE,"BORJA, GERARDO DIAZ",100.00%,,false,
901344970,"MISMO DE LA VEZ PASADAA, EL",MELODIES OF AFINARTE,"BUSTOS HURTADO, ALEMI",100.00%,,false,
885245530,"CORRIDO DEL GUACHO, EL",MELODIES OF AFINARTE,"AVITA AUDELO, JULIO CESAR",100.00%,,false,
901463872,PARA TI SOLO PARA TI,SONGS OF AFINARTE,"LOPEZ VILLA, JESUS ENRIQUE",100.00%,,false,
886290216,"ENVIDIOSO, EL",MELODIES OF AFINARTE,"AVITA AUDELO, JULIO CESAR/UNKNOWN",100.00%,,false,2020-09-01 10:07:01.0
886290009,DOS BANDERAS,MELODIES OF AFINARTE,"GUZMAN SANCHEZ, JUAN LUIS",100.00%,,false,
901463855,"TOXICA, LA",SONGS OF AFINARTE,"QUEZADA MANCHA, ALFONSO DE JESUS",100.00%,,false,
891360830,CADENA PERPETUA,MELODIES OF AFINARTE,"DIAZ, BORJA GERARDO",100.00%,,false,
891418056,EL TENDEDERO,MUSIC OF AFINARTE,"AVILEZ, DANILO",100.00%,,false,
901733297,LAS AMISTADES DE HOY,MELODIES OF AFINARTE,"ZAPATA, ORLANDO/ZAPATA, ROLANDO",100.00%,,false,
897302839,LO MEJOR QUE TE HA PASADO,MELODIES OF AFINARTE,"ARREDONDO ZAMORA, DE JESUS ELEAZAR/GONZALEZ LOPEZ, ANGEL ALBERTO",100.00%,,false,
897302429,ME LES PRESENTO,MELODIES OF AFINARTE,"SAUCEDA GASTELUM, ANGEL RENE",100.00%,,false,
901733053,"MISMO TONTO INFIEL, EL",MELODIES OF AFINARTE,"SANCHEZ MEDRANO, JOSE GUADALUPE",100.00%,,false,
901733054,VIENTO,MELODIES OF AFINARTE,"SANCHEZ MEDRANO, JOSE GUADALUPE",100.00%,,false,
885299812,"SERIO, EL",MELODIES OF AFINARTE,"DIAZ DE LEON HUEZ, OSCAR ARMANDO",100.00%,,false,
891471240,NI TU NI NADIE,SONGS OF AFINARTE,"RAMOS GAXIOLA, JAIRO DE JESUS",100.00%,,false,
891355071,EL COCHINIADO,SONGS OF AFINARTE,"HAROS, PEDRO",100.00%,,false,
901463859,LOS DEL GOLFO,MELODIES OF AFINARTE,"GARCIA, ALEXANDER/LIMON, PERLA ELENES",100.00%,,false,
901463871,OTRA BOTELLA,SONGS OF AFINARTE,"QUEZADA, IMANOL",100.00%,,false,
895179677,ARRIBA EL NORTE,MELODIES OF AFINARTE,"ZAPATA, ORLANDO",100.00%,,false,
897293363,ADIOS ADIOS,MELODIES OF AFINARTE / MUSIC OF AFINARTE / SONGS OF AFINARTE,"ARREDONDO ZAMORA, DE JESUS ELEAZAR/CORONADO, ROMAN/DAVILA, ISIDRO/FELIX, LUIS ENRIQUE/GUZMAN SANCHEZ, JUAN LUIS/LOPEZ, MACIAS RIGO ELEAZAR/OLEA MONTES, NESTOR ADALID/OLEA-MENESSES, NESTOR SAID/ORDONEZ MONTENEGRO, JESUS ALBERT/SAUCEDA GASTELUM, ANGEL RENE/ZAPATA, ORLANDO",100.00%,,false,
891303128,EL GRANDE Y EL CHAPARRITO,MELODIES OF AFINARTE,"GUZMAN SANCHEZ, JUAN LUIS",100.00%,,false,
899598723,SU CLAVE ES EL 09,MELODIES OF AFINARTE,"SANCHEZ MEDRANO, JOSE GUADALUPE",100.00%,,false,
901463837,"TRIPLE 6, EL",MELODIES OF AFINARTE,"LEON MEZA, SERGIO BLADIMIR",100.00%,,false,
886299285,AY MOMENTOS,MUSIC OF AFINARTE,"RAMIREZ, ROBERTO MIRANDA",100.00%,,false,
891303131,EL ROLON,MELODIES OF AFINARTE,"GUZMAN SANCHEZ, JUAN LUIS",100.00%,,false,
891355074,EN ARMAGEDONES,SONGS OF AFINARTE,"HAROS, PEDRO",100.00%,,false,
886290012,"SOLDADO, EL",MELODIES OF AFINARTE,"GUZMAN SANCHEZ, JUAN LUIS",100.00%,,false,
897302430,NO ESTA FACIL,MELODIES OF AFINARTE,"SAUCEDA GASTELUM, ANGEL RENE",100.00%,,false,
901463817,"BARQUITO, EL",SONGS OF AFINARTE,"HAROS, PEDRO",100.00%,,false,
891416149,TE MARCHASTE,MUSIC OF AFINARTE,"SALAZAR ASTORGA, RUBEN",100.00%,,false,
884672995,EL CHAVA,MELODIES OF AFINARTE,"SOLIS GARCIA, JUAN FRANCISCO",100.00%,,false,
895179630,LAS VIVENCIAS,SONGS OF AFINARTE,"ANGULO PEREZ, JESUS OTONIEL",100.00%,,false,
891410450,DONDE ESTAN?,MELODIES OF AFINARTE,"RIOS ECHEVERRIA, ADRIANA ISABEL",100.00%,,false,
899644169,"CHAPARRITO, EL",MELODIES OF AFINARTE,"ZAPATA, ORLANDO",100.00%,,false,
887303003,GUITARRITA COMPANERA,SONGS OF AFINARTE,KANALES,100.00%,,false,
891303127,EL DE ZITACUARO,MELODIES OF AFINARTE,"GUZMAN SANCHEZ, JUAN LUIS",100.00%,,false,
886561190,LUPE CAMPOS,MUSIC OF AFINARTE,"GURROLA-MARTINEZ, EDUARDO",100.00%,,false,
886290145,"MS, EL",MELODIES OF AFINARTE,"DIAZ, BORJA GERARDO",100.00%,,false,
888741794,PALABRA DE HOMBRE,SONGS OF AFINARTE,"HURTADO, SALVADOR",100.00%,,false,
901463814,"2X50, EL",MELODIES OF AFINARTE,"DIAZ, BORJA GERARDO",100.00%,,false,
885299807,"CONSENTIDO, EL",MELODIES OF AFINARTE,"DIAZ DE LEON HUEZ, OSCAR ARMANDO",100.00%,,false,
896040873,YA NO TE QUIERO,MELODIES OF AFINARTE,"SAUCEDA, ANGEL",100.00%,,false,
897311077,QUÉ TAL SI VOLVEMOS,SONGS OF AFINARTE,"AYALA RODRIGUEZ, HECTOR GIOVANNY/LAU IBARRA, RENE HUMBERTO",100.00%,,false,
901733296,"COMANDANTE CHINO, EL",MELODIES OF AFINARTE,"ZAPATA, ORLANDO/ZAPATA, ROLANDO",100.00%,,false,
901463853,"NOVIA DE CHABELO, LA",MELODIES OF AFINARTE,"DIAZ, BORJA GERARDO",100.00%,,false,
891416747,CORRIDO DE ROBERTILLO FONSECA,MUSIC OF AFINARTE,"LOPEZ, ERIK",100.00%,,false,
891416144,DE TI NO QUIERO NADA,MUSIC OF AFINARTE,"SALAZAR ASTORGA, RUBEN",100.00%,,false,
891303141,SANTIAGO CHAIDEZ,MELODIES OF AFINARTE,"GUZMAN SANCHEZ, JUAN LUIS",100.00%,,false,
901660170,EL CALAVERAS,MELODIES OF AFINARTE,"RAMIREZ, ROBERTO MIRANDA",100.00%,,false,
879578418,EL MAYOR,MELODIES OF AFINARTE,"GARCIA, ALEXANDER",100.00%,,false,
901390315,PROVOCARTE Y CONQUISTARTE,SONGS OF AFINARTE,"COBIAN CARO, RAFAEL",100.00%,,false,
901463882,TU PASADO,SONGS OF AFINARTE,"QUEZADA, IMANOL",100.00%,,false,
901733223,"URIEL, EL",SONGS OF AFINARTE,"COBIAN CARO, RAFAEL",100.00%,,false,
885431123,EL CONCHINIADO,SONGS OF AFINARTE,KANALES,100.00%,,false,
891360851,MI PUEBLITO,MELODIES OF AFINARTE,"DIAZ, BORJA GERARDO",100.00%,,false,
901344972,FUI EL PUNECHE,MELODIES OF AFINARTE,"BUSTOS HURTADO, ALEMI",100.00%,,false,
891360839,EL DETALLITO,MELODIES OF AFINARTE,"DIAZ, BORJA GERARDO",100.00%,,false,
891304382,EL DOCTOR,SONGS OF AFINARTE,"QUEZADA MANCHA, IMANOL",100.00%,,false,
891304387,LOS ALTOS DE LA SIERRA,SONGS OF AFINARTE,"QUEZADA MANCHA, IMANOL",100.00%,,false,
891355082,MI VIDA EN UN CARTUCHO,SONGS OF AFINARTE,"HAROS, PEDRO",100.00%,,false,
878119213,CORRIDO DEL BICHO,MELODIES OF AFINARTE,"GARCIA, ALEXANDER",100.00%,,false,
891410681,EL CHAMACO,MELODIES OF AFINARTE,"HERNANDEZ, MEDINA GULBERTO",100.00%,,false,
901463875,POR ALGUIEN COMO TU,SONGS OF AFINARTE,"QUEZADA, IMANOL",100.00%,,false,
891355087,TROPEZON DE UN SAPO,SONGS OF AFINARTE,"HAROS, PEDRO",100.00%,,false,
901463828,"GORDO DUARTE, EL",MELODIES OF AFINARTE,"DIAZ, BORJA GERARDO",100.00%,,false,
897293367,DEBAJO DE EL 1,MELODIES OF AFINARTE / MUSIC OF AFINARTE / SONGS OF AFINARTE,"ARREDONDO ZAMORA, DE JESUS ELEAZAR/CORONADO, ROMAN/DAVILA, ISIDRO/FELIX, LUIS ENRIQUE/GUZMAN SANCHEZ, JUAN LUIS/LOPEZ, MACIAS RIGO ELEAZAR/OLEA MONTES, NESTOR ADALID/OLEA-MENESSES, NESTOR SAID/ORDONEZ MONTENEGRO, JESUS ALBERT/SAUCEDA GASTELUM, ANGEL RENE/ZAPATA, ORLANDO",100.00%,,false,
891303129,EL JUNIOR DE CULIACAN,MELODIES OF AFINARTE,"GUZMAN SANCHEZ, JUAN LUIS",100.00%,,false,
905380318,EL PARRANDERO,MELODIES OF AFINARTE,"SANCHEZ MEDRANO, JOSE GUADALUPE",100.00%,,false,
897302552,"IMPOSTOR, EL",SONGS OF AFINARTE,"DAVILA, ISIDRO",100.00%,,false,
901463850,"FRASE DEL AMIGO, LA",MELODIES OF AFINARTE,"GUZMAN SANCHEZ, JUAN LUIS",100.00%,,false,
891360838,EL DE LA FAMILIA,MELODIES OF AFINARTE,"DIAZ, BORJA GERARDO",100.00%,,false,
891360831,"CHAVA, CHAVITA, SALVADOR",MELODIES OF AFINARTE,"DIAZ, BORJA GERARDO",100.00%,,false,
890776442,TE VAS A ARREPENTIR,MELODIES OF AFINARTE,"INDA, ALEJANDRO ENRIQUEZ/QUEZADA MANCHA, ALFONSO DE JESUS/QUEZADA MANCHA, IMANOL",33.00%,,false,
901733289,"PARRANDA, LA",SONGS OF AFINARTE,"HAROS, PEDRO",100.00%,,false,
901390314,NO QUIERAS VOLVER,SONGS OF AFINARTE,"COBIAN CARO, RAFAEL",100.00%,,false,
899598721,"CAMINOS DEL M, LOS",MELODIES OF AFINARTE,"SANCHEZ MEDRANO, JOSE GUADALUPE",100.00%,,false,
901659767,EL CONSENTIDO DEL VIEJO,SONGS OF AFINARTE,"RAMIREZ, MALDONADO JUAN",100.00%,,false,
901463857,"LAS ENVIDIAS, LOS CHISMES Y LAS TRAICIONES",MELODIES OF AFINARTE,"DIAZ, BORJA GERARDO",100.00%,,false,
884473731,BUEN GALLO,SONGS OF AFINARTE,"HAROS, PEDRO",100.00%,,false,
888541409,"CORRIDO DE EL FANTASMA, EL",SONGS OF AFINARTE,"QUEZADA MANCHA, IMANOL/UNKNOWN WRITER",100.00%,,false,
901463803,ARRASTRANDO LAS PATAS,SONGS OF AFINARTE,"AGUILERA, AMADOR/CASTILLO PALMA, JOSE ADRIAN SR",100.00%,,false,
885384464,YA NO SOY GATO AHORA SOY PATRON,MELODIES OF AFINARTE,"DIAZ, BORJA GERARDO",100.00%,,false,
886299243,IGNACIO LOPEZ,MELODIES OF AFINARTE,"GARCIA, ALEXANDER/LIMON, PERLA ELENES",100.00%,,false,
909556262,CABRON Y MEDIO,SONGS OF AFINARTE,"ECHEVERRIA, ADRIANA ISABEL RIOS",100.00%,,false,
901463831,"MEDICO, EL",MELODIES OF AFINARTE,"ORDONEZ MONTENEGRO, JESUS ALBERT",100.00%,,false,
886299288,"CHIRRION, EL",MUSIC OF AFINARTE,"RAMIREZ, ROBERTO MIRANDA",100.00%,,false,
897302493,"FIFTY, EL",MELODIES OF AFINARTE,"GUZMAN SANCHEZ, JUAN LUIS",100.00%,,false,
891367490,MI AGONIA,MUSIC OF AFINARTE,"RAMIREZ, ROBERTO MIRANDA",100.00%,,false,
885384456,"SS, EL",MELODIES OF AFINARTE,"DIAZ, BORJA GERARDO",100.00%,,false,
891355072,EL ULTIMO ESCAPE (CHAPO GUZMAN),SONGS OF AFINARTE,"HAROS, PEDRO",100.00%,,false,
891355061,GUITARRITA COMPAÑERA,SONGS OF AFINARTE,"HAROS, PEDRO",100.00%,,false,
897302840,SEGUN TU,MELODIES OF AFINARTE,"ARREDONDO ZAMORA, DE JESUS ELEAZAR/GONZALEZ LOPEZ, ANGEL ALBERTO",100.00%,,false,
884725628,MITOTEROS Y METICHES,SONGS OF AFINARTE,"HAROS, PEDRO",100.00%,,false,
886299313,"TEMPESTADES, LAS",SONGS OF AFINARTE,"HAROS, PEDRO",100.00%,,false,
891360847,EL SERIO,MELODIES OF AFINARTE,"DIAZ, BORJA GERARDO",100.00%,,false,
891360545,PONGANSE A PENSAR,MELODIES OF AFINARTE,"SAUCEDA GASTELUM, ANGEL RENE",100.00%,,false,
886299296,PORQUE ME ARROJASTE,MUSIC OF AFINARTE,"RAMIREZ, ROBERTO MIRANDA",100.00%,,false,
901463834,"REY ALEXIS, EL",SONGS OF AFINARTE,"DAVILA, ISIDRO",100.00%,,false,
895179713,EL FIN DE SEMANA,SONGS OF AFINARTE,"GARCIA, RODOLFO",100.00%,,false,
891367481,EL SONRIENTE (EN VIVO),MUSIC OF AFINARTE,"RAMIREZ, ROBERTO MIRANDA",100.00%,,false,
891411126,LA POSADA DEL ANO,MELODIES OF AFINARTE,"ALVAREZ, ANTONIO",100.00%,,false,
889299174,EN ESTA VIDA,MELODIES OF AFINARTE,"DIAZ DE LEON HUEZ, OSCAR ARMANDO",100.00%,,false,
886290010,"PENCO (EL CORRIDO DEL PENCO), EL",MELODIES OF AFINARTE,"GUZMAN SANCHEZ, JUAN LUIS",100.00%,,false,
901660086,PA LOS FALSOS Y CORRIENTES,MELODIES OF AFINARTE,"SANCHEZ MEDRANO, JOSE GUADALUPE",100.00%,,false,
901463876,RANCHERO HASTA LAS CACHAS,MELODIES OF AFINARTE,"GARCIA, ALEXANDER",100.00%,,false,
891304377,EL MASHIN,MELODIES OF AFINARTE / SONGS OF AFINARTE,"QUEZADA MANCHA, IMANOL",100.00%,,false,
891471242,EL CONSENTIDO DE DIOS,MELODIES OF AFINARTE,"CRUZ, VILLA JULIO",100.00%,,false,
901463805,CADENA PERPETUA,SONGS OF AFINARTE,"QUEZADA, IMANOL",100.00%,,false,
901463838,"VALIENTE, EL",SONGS OF AFINARTE,"HAROS, PEDRO",100.00%,,false,
891367480,EL SEÑOR SANCHEZ QUINTERO,MUSIC OF AFINARTE,"RAMIREZ, ROBERTO MIRANDA",100.00%,,false,
891360844,EL MEDICO,MELODIES OF AFINARTE,"DIAZ, BORJA GERARDO",100.00%,,false,
891471241,MI FORTALEZA,MUSIC OF AFINARTE,"AVILEZ, DANILO",100.00%,,false,
901733189,NO ESTARE AQUI,SONGS OF AFINARTE,"QUEZADA, IMANOL",100.00%,,false,
878897721,EN EL CAMINO,MELODIES OF AFINARTE,"GARCIA, ALEXANDER",100.00%,,false,
895179705,LAS INCONVENIENCIAS,MELODIES OF AFINARTE,"LIMON, PERLA ELENES",100.00%,,false,
901659671,MARTIN EL CHIQUEADO,MELODIES OF AFINARTE,"BUSTOS HURTADO, ALEMI",100.00%,,false,
886871039,"14 DE ENERO, EL",MELODIES OF AFINARTE,"GUZMAN SANCHEZ, JUAN LUIS",100.00%,,false,
884663630,CORRIDO DE CHANO,SONGS OF AFINARTE,"HAROS, PEDRO",100.00%,,false,
891360730,EL DOBLE R,MELODIES OF AFINARTE,"QUEZADA MANCHA, ALFONSO DE JESUS",100.00%,,false,
877782303,LOS VALIENTES DE CHACALA,MELODIES OF AFINARTE,"CASTILLO, JOSE BARRAZA",100.00%,,false,
886299291,"TACUACHE, EL",MUSIC OF AFINARTE,"RAMIREZ, ROBERTO MIRANDA",100.00%,,false,
891367476,EL MISMO,MUSIC OF AFINARTE,"RAMIREZ, ROBERTO MIRANDA",100.00%,,false,
885343739,LAS RENCILLAS,MELODIES OF AFINARTE,"GARCIA, ALEXANDER",100.00%,,false,
888539100,CUADRA LOS PARIENTES,MELODIES OF AFINARTE,UNKNOWN WRITER,100.00%,,false,2020-09-01 10:24:39.0
896935684,YA NO SOY EL MISMO,MELODIES OF AFINARTE,"SANCHEZ MEDRANO, JOSE GUADALUPE",100.00%,,false,
901463887,YO SOY DE LA SIERRA,MELODIES OF AFINARTE,"DIAZ, BORJA GERARDO",100.00%,,false,
895179680,EL SERIECITO DE GUERRERO,MELODIES OF AFINARTE,"ZAPATA, ORLANDO",100.00%,,false,
886390133,HOMBRE DE RANCHO,MELODIES OF AFINARTE,"GURROLA-MARTINEZ, EDUARDO",100.00%,,false,
901733074,"PRIMO, EL",MELODIES OF AFINARTE,"DIAZ, BORJA GERARDO",100.00%,,false,
891367491,MI CALENDARIO,MUSIC OF AFINARTE,"RAMIREZ, ROBERTO MIRANDA",100.00%,,false,
894515131,ENTIENDO TUS MOTIVOS,MELODIES OF AFINARTE,"GARCIA, ALEXANDER",100.00%,,false,
897302837,"CINICA DE CINICAS, LA",MELODIES OF AFINARTE,"ARREDONDO ZAMORA, DE JESUS ELEAZAR",100.00%,,false,
891355059,EL GLASS (FEAT. MARIO EL CACHORRO DELGADO),SONGS OF AFINARTE,"HAROS, PEDRO",100.00%,,false,
891360843,EL MAS GRANDE DE GUERRERO,MELODIES OF AFINARTE,"DIAZ, BORJA GERARDO",100.00%,,false,
877444601,PROCAMPO,SONGS OF AFINARTE,"HAROS, PEDRO",100.00%,,false,
886290202,"PUNKER, EL",MELODIES OF AFINARTE,"AVITA AUDELO, JULIO CESAR",100.00%,,false,
901463879,SOY CUKIN,SONGS OF AFINARTE,"GARCIA, NICOLAS",100.00%,,false,
891471238,EL ÁRBOL DE LA SOMBRA,MUSIC OF AFINARTE,"GURROLA MARTINES, EDUARDO",100.00%,,false,
891360737,MONOS NEGROS,MELODIES OF AFINARTE,"QUEZADA MANCHA, ALFONSO DE JESUS",100.00%,,false,
891360740,SOMOS ARRIEROS,SONGS OF AFINARTE,"QUEZADA MANCHA, ALFONSO DE JESUS",100.00%,,false,
901733075,"MAS LOCO, EL",MELODIES OF AFINARTE,"DIAZ, BORJA GERARDO",100.00%,,false,
897302655,"PAYE, EL",MELODIES OF AFINARTE,"ONTIVEROS GASTELUM, JOSE ANGEL",100.00%,,false,
897302727,"QUE CALLA OTORGA, EL",MELODIES OF AFINARTE,"FELIX, ALEJANDRO PALOMARES",100.00%,,false,
905380550,UN ANO MAS,SONGS OF AFINARTE,"AMARO PEREZ, VICTOR EDUARDO/AMARO, MANUEL MOLINA",100.00%,,false,
901660439,EL 9 DE LA SUERTE,MELODIES OF AFINARTE,"SAUCEDA GASTELUM, ANGEL RENE",100.00%,,false,
901390301,CABALLOS DE ORO,SONGS OF AFINARTE,"HAROS, PEDRO",100.00%,,false,
894930923,NO ESTA FACIL,MELODIES OF AFINARTE,"SAUCEDA, ANGEL",100.00%,,false,
897302433,SI ESTAS TRISTE,MELODIES OF AFINARTE,"SAUCEDA GASTELUM, ANGEL RENE",100.00%,,false,
899598725,"CAPITAN, EL",MELODIES OF AFINARTE,"GUZMAN SANCHEZ, JUAN LUIS",100.00%,,false,
901463811,CORRIDO DEL IDELFONSO,SONGS OF AFINARTE,"QUEZADA, IMANOL",100.00%,,false,
895179707,EL JEFE DE LAS CANAS,MUSIC OF AFINARTE,"RAMIREZ MIRANDA, RICARDO",100.00%,,false,
897293366,COMO QUISIERA,MELODIES OF AFINARTE,"ORDONEZ MONTENEGRO, JESUS ALBERT",100.00%,,false,
891360729,EL CORRIDO DEL CHOLO,MELODIES OF AFINARTE,"QUEZADA MANCHA, ALFONSO DE JESUS",100.00%,,false,
884473747,EL JINETE,SONGS OF AFINARTE,KANALES,100.00%,,false,
886299316,QUE ME TENGAN ENVIDIA LOS TONOS,SONGS OF AFINARTE,"HAROS, PEDRO",100.00%,,false,
896935686,EL AGRADECIDO,MELODIES OF AFINARTE,"ZAPATA, ORLANDO",100.00%,,false,
891361541,EL HIJO DE BALTAZAR,MELODIES OF AFINARTE,"SANCHEZ MEDRANO, JOSE GUADALUPE",100.00%,,false,
886290144,"MONKEY, EL",MELODIES OF AFINARTE,"DIAZ, BORJA GERARDO",100.00%,,false,
901463854,"PREGUNTA DEL MILLON, LA",SONGS OF AFINARTE,"QUEZADA MANCHA, ALFONSO DE JESUS",33.34%,,false,
896935687,LO QUE FALTA Y LO QUE HAY,MELODIES OF AFINARTE,"ZAPATA, ORLANDO",100.00%,,false,
891355084,PACIENCIA AL PACIENTE,SONGS OF AFINARTE,"HAROS, PEDRO",100.00%,,false,
891367497,SOY HUMILDE (EN VIVO),MUSIC OF AFINARTE,"RAMIREZ, ROBERTO MIRANDA",100.00%,,false,
884725613,EL RR,SONGS OF AFINARTE,"HAROS, PEDRO",100.00%,,false,
901659841,EL BLANCO,MELODIES OF AFINARTE / SONGS OF AFINARTE,"DIAZ, BORJA GERARDO/RAMIREZ, MALDONADO JUAN",100.00%,,false,
901463843,FUE POR TU CULPA,MELODIES OF AFINARTE,"SAUCEDA GASTELUM, ANGEL RENE",100.00%,,false,
901390311,"RUBIO DE BABUNICA, EL",SONGS OF AFINARTE,"COBIAN CARO, RAFAEL",100.00%,,false,
887303045,SENDA MAFIOSA,SONGS OF AFINARTE,KANALES,100.00%,,false,
884663660,CUERNO PLATEADO,SONGS OF AFINARTE,KANALES,100.00%,,false,
905380319,LOS CONSEJOS DE LA VIDA,MELODIES OF AFINARTE,"SANCHEZ MEDRANO, JOSE GUADALUPE",100.00%,,false,
901390327,"ALEGRE, EL",SONGS OF AFINARTE,"GARCIA, RODOLFO",100.00%,,false,
891410452,ESTA EN TI,MELODIES OF AFINARTE,"RIOS ECHEVERRIA, ADRIANA ISABEL",100.00%,,false,
901733049,"HOMBRE DE LAS CANAS, EL",MELODIES OF AFINARTE,"SANCHEZ MEDRANO, JOSE GUADALUPE",100.00%,,false,
897293368,"2 ESTADOS, EL",MELODIES OF AFINARTE / MUSIC OF AFINARTE / SONGS OF AFINARTE,"DAVILA, ISIDRO",100.00%,,false,
901463852,"MENCHIZA, LA",MELODIES OF AFINARTE,"GARCIA, ALEXANDER",100.00%,,false,
891355063,MACARIO HAROS,SONGS OF AFINARTE,"HAROS, PEDRO",100.00%,,false,
895179638,EL O U,MELODIES OF AFINARTE,"ONTIVEROS GASTELUM, JOSE ANGEL",100.00%,,false,
889763478,CABRON Y VAGO,MELODIES OF AFINARTE / SONGS OF AFINARTE,"GARCIA, ALEXANDER/MUNOZ CANTU, RODOLFO EDEN/QUEZADA MANCHA, ALFONSO DE JESUS/QUEZADA, IMANOL",75.00%,,false,
886924310,QUITATE LA CARETA,MELODIES OF AFINARTE,"CASTELLANOS OREJEL, CARLOS/MAGALLON, LUIS/OLEA-MENESSES, NESTOR SAID/OREJEL, CARLOS/SANTOYO LIMON, ULISES EMMANUEL",25.00%,,false,
886299311,GUITARRITA COMPANERA,SONGS OF AFINARTE,"HAROS, PEDRO",100.00%,,false,
890002961,NO QUISE DECIRLE,MELODIES OF AFINARTE,"DIAZ, BORJA GERARDO",100.00%,,false,
884474120,TRATOS PELIGROSOS,SONGS OF AFINARTE,KANALES,100.00%,,false,
877607320,LISTA NEGRA,SONGS OF AFINARTE,"HAROS, PEDRO",100.00%,,false,
891416748,CORRIDO DEL CACARO,MUSIC OF AFINARTE,"LOPEZ, ERIK",100.00%,,false,
891355062,LOS CUERVOS (FEAT. EL FANTASMA),SONGS OF AFINARTE,"HAROS, PEDRO",100.00%,,false,
901733293,ROBERTO LUNA SALDIVAR,MUSIC OF AFINARTE,"RAMIREZ, ROBERTO MIRANDA",100.00%,,false,
891304378,EL FUE ARTURO,MUSIC OF AFINARTE,"AVILEZ, DANILO",100.00%,,false,
901660440,MI VIDA MIS GUSTOS,MELODIES OF AFINARTE,"SAUCEDA GASTELUM, ANGEL RENE",100.00%,,false,
899644171,"TITAN 11, EL",MELODIES OF AFINARTE,"ZAPATA, ORLANDO",100.00%,,false,
901733038,"COMANDANTE CHITO, EL",MELODIES OF AFINARTE,"BUSTOS HURTADO, ALEMI",100.00%,,false,
886705024,FALSAS AMISTADES,MELODIES OF AFINARTE,"AVITA AUDELO, JULIO CESAR/DIAZ DE LEON HUEZ, OSCAR ARMANDO",100.00%,,false,
905380357,CASH IS KING,SONGS OF AFINARTE,"GONZALEZ, VIANCA L",100.00%,,false,
891367494,PA' DONDE APUNTA EL HUARACHE,MUSIC OF AFINARTE,"RAMIREZ, ROBERTO MIRANDA",100.00%,,false,
877095447,SIN DECEPCIONES,MELODIES OF AFINARTE,"GARCIA, ALEXANDER",100.00%,,false,
885384452,"COMPA NAUH, EL",MELODIES OF AFINARTE,"DIAZ, BORJA GERARDO",100.00%,,false,
904412750,DOLARES DE A 100 Y BILLETES DE A 1000,MELODIES OF AFINARTE,"DIAZ, BORJA GERARDO",100.00%,,false,
887113018,MACHETE TERCIADO,SONGS OF AFINARTE,"GONZALEZ, VIANCA L",100.00%,,false,
891360853,UN CORRIDO DE AMOR,MELODIES OF AFINARTE,"DIAZ, BORJA GERARDO",100.00%,,false,
891361027,EL GUERO CAMARON,MELODIES OF AFINARTE,"GARCIA, ALEXANDER",100.00%,,false,
885384446,CORRIDO A ELI CAMACHO,MELODIES OF AFINARTE,"DIAZ, BORJA GERARDO",100.00%,,false,
888543041,"MISMO, EL",SONGS OF AFINARTE,"QUEZADA MANCHA, ALFONSO DE JESUS",100.00%,,false,
901376156,VIAJE,MELODIES OF AFINARTE,"ARREDONDO ZAMORA, DE JESUS ELEAZAR/OTERO APONTE, ALEXANDER",100.00%,,false,
896935692,TODO CUANTO TUVE,MELODIES OF AFINARTE,"GARCIA, ALEXANDER/LIMON ELENES, PERLA",100.00%,,false,
891360728,EL 13,MELODIES OF AFINARTE,"QUEZADA MANCHA, ALFONSO DE JESUS",100.00%,,false,
885384463,MIENTRAS HAY DINERO,MELODIES OF AFINARTE,"DIAZ, BORJA GERARDO",100.00%,,false,
886899014,POR MANUELITO,MELODIES OF AFINARTE,"GURROLA-MARTINEZ, EDUARDO",100.00%,,false,
891355086,SIGO SIENDO ISMAEL (FEAT. KALEB MENDEZ),SONGS OF AFINARTE,"HAROS, PEDRO",100.00%,,false,
888542431,EL CORRIDO DE EL MAYOR,MELODIES OF AFINARTE,UNKNOWN WRITER,100.00%,,false,
901463841,ERA BARRERA,SONGS OF AFINARTE,"QUEZADA, IMANOL",100.00%,,false,
888425615,MANANA SIN SOL,SONGS OF AFINARTE,"HAROS, PEDRO",100.00%,,false,
901344969,"CEREBRO DE ORO, EL",MELODIES OF AFINARTE,"BUSTOS HURTADO, ALEMI",100.00%,,false,
891360733,EL SR. TESORO,MELODIES OF AFINARTE,"QUEZADA MANCHA, ALFONSO DE JESUS",100.00%,,false,
885299813,"ESCUELA DE LA CALLE, LA",MELODIES OF AFINARTE,"DIAZ DE LEON HUEZ, OSCAR ARMANDO",100.00%,,false,
878894817,PILOTO DE RANCHO,MUSIC OF AFINARTE,"RAMIREZ, ROBERTO MIRANDA",100.00%,,false,
891360837,EL CORONGORO,MELODIES OF AFINARTE,"DIAZ, BORJA GERARDO",100.00%,,false,
901660171,EL DOBLE CERO,SONGS OF AFINARTE,"HURTADO, SALVADOR",100.00%,,false,
891360735,LA CORONA DEL RANCHERO,MELODIES OF AFINARTE,"QUEZADA MANCHA, ALFONSO DE JESUS",100.00%,,false,
886827207,PA LOS MAL AGRADECIDOS,MELODIES OF AFINARTE,"BORJA, GERARDO DIAZ",100.00%,,false,
886299280,"MES DE MAYO, EL",MUSIC OF AFINARTE,"GURROLA MARTINES, EDUARDO",100.00%,,false,
896935682,DEJATE DE COSAS,SONGS OF AFINARTE,"QUEZADA, IMANOL",100.00%,,false,
878720351,EL DOBLE A,MELODIES OF AFINARTE,"GUZMAN SANCHEZ, JUAN LUIS",100.00%,,false,
901463884,Y TE VOY A EXTRANAR,SONGS OF AFINARTE,"AGUILERA, AMADOR/CASTILLO PALMA, JOSE ADRIAN SR",100.00%,,false,
891360834,EL COMPA KALET,MELODIES OF AFINARTE,"DIAZ, BORJA GERARDO",100.00%,,false,
885299810,"MS, EL",MELODIES OF AFINARTE,"DIAZ DE LEON HUEZ, OSCAR ARMANDO",100.00%,,false,
891355068,CON ESCUELA DE UN RANCHERO,SONGS OF AFINARTE,"HAROS, PEDRO",100.00%,,false,
891361539,CORRIDO DEL TEMO,MELODIES OF AFINARTE,"SANCHEZ MEDRANO, JOSE GUADALUPE",100.00%,,false,
891304383,EL INMIGRANTE,SONGS OF AFINARTE,"QUEZADA MANCHA, IMANOL",100.00%,,false,
896040872,"MILLON, AL",SONGS OF AFINARTE,"GURROLA MARTINES, EDUARDO/QUEZADA MANCHA, ALFONSO DE JESUS",100.00%,,false,
897302728,VEN,MELODIES OF AFINARTE,"FELIX, ALEJANDRO PALOMARES",100.00%,,false,
891361028,JAIMITO LEYVA (EN VIVO),MELODIES OF AFINARTE,"GARCIA, ALEXANDER",100.00%,,false,
885384462,MI TALENTO,MELODIES OF AFINARTE,"DIAZ, BORJA GERARDO",100.00%,,false,
876841388,BURRO AMARRADO,SONGS OF AFINARTE,"HAROS, PEDRO",100.00%,,false,
888614419,JUEGO DE PODERES,SONGS OF AFINARTE,"MENDIVIL, SANABIA WILFRIDO",100.00%,,false,
889845654,AMISTAD Y PESOS,MELODIES OF AFINARTE,"DIAZ, BORJA GERARDO",100.00%,,false,
885431171,HOY VENGO POR TI,SONGS OF AFINARTE,KANALES,100.00%,,false,
891360547,SOY EL 50,MELODIES OF AFINARTE,"SAUCEDA GASTELUM, ANGEL RENE",100.00%,,false,
901463856,LAGRIMAS EN MI ALMOHADA,SONGS OF AFINARTE,"OCHOA, VICTOR",100.00%,,false,
891355067,CARICIAS VENDIDAS,SONGS OF AFINARTE,"HAROS, PEDRO",100.00%,,false,
901660088,POR CULPA DE TU AMOR,MELODIES OF AFINARTE,"SANCHEZ MEDRANO, JOSE GUADALUPE",100.00%,,false,
901733037,"DE LOS GALLOS, EL",MELODIES OF AFINARTE,"BUSTOS HURTADO, ALEMI",100.00%,,false,
901463863,ME CAMBIO LA SUERTE,MELODIES OF AFINARTE,"SANCHEZ MEDRANO, JOSE GUADALUPE",100.00%,,false,
877096177,CORRIDO DE PENANO,MELODIES OF AFINARTE,"GARCIA, ALEXANDER",100.00%,,false,
878443080,OBELISCO,SONGS OF AFINARTE,"HAROS, PEDRO",100.00%,,false,
886299293,"RULETA, LA",MUSIC OF AFINARTE,"RAMIREZ, ROBERTO MIRANDA",100.00%,,false,
901660192,SOLDADO CAIDO,SONGS OF AFINARTE,"HURTADO MEDINA, EDGAR SALVADOR",100.00%,,false,
891355065,QUE ME TENGAN ENVIDIA LOS TONTOS,SONGS OF AFINARTE,"HAROS, PEDRO",100.00%,,false,
896935689,DE RANCHO SOY,MELODIES OF AFINARTE,"ZAPATA, ORLANDO",100.00%,,false,
878201214,NO SE VIVIR SIN TI,SONGS OF AFINARTE,"HAROS, PEDRO",100.00%,,false,
891303121,ANDAMOS POR CHICAGO,MELODIES OF AFINARTE,"GUZMAN SANCHEZ, JUAN LUIS",100.00%,,false,
891303132,EL TOLO,MELODIES OF AFINARTE,"GUZMAN SANCHEZ, JUAN LUIS",100.00%,,false,
899598720,"RUSO Y SU PLEBADA, EL",MELODIES OF AFINARTE,"SANCHEZ MEDRANO, JOSE GUADALUPE",100.00%,,false,
901659685,BELLA MUJER,SONGS OF AFINARTE,"CERVANTES, ALEXANDER",100.00%,,false,
901463842,FRANCISCO CORTEZ,SONGS OF AFINARTE,"QUEZADA, IMANOL",100.00%,,false,
884725621,MANY,SONGS OF AFINARTE,"HAROS, PEDRO",100.00%,,false,
879525679,EL NANO (VERSION ESTUDIO),MELODIES OF AFINARTE,"GARCIA, ALEXANDER",100.00%,,false,
902211221,"PRIMITO, EL",SONGS OF AFINARTE,"QUEZADA MANCHA, ALFONSO DE JESUS",100.00%,,false,
896935694,"COLOR DE LA SUERTE, EL",SONGS OF AFINARTE,"HAROS, PEDRO",100.00%,,false,
891360842,EL JAQUE MATE,MELODIES OF AFINARTE,"DIAZ, BORJA GERARDO",100.00%,,false,
876422963,EL ROLEX,MUSIC OF AFINARTE,"LOPEZ, ERIK",100.00%,,false,
901733071,YO SOY EL JEDE,MELODIES OF AFINARTE,"DIAZ, BORJA GERARDO",100.00%,,false,
891355060,GUERRA AVISADA,SONGS OF AFINARTE,"HAROS, PEDRO",100.00%,,false,
891360544,NADA ES COMO ANTES,MELODIES OF AFINARTE,"SAUCEDA GASTELUM, ANGEL RENE",100.00%,,false,
891304380,EL CORRIDO DE PANCHITO,SONGS OF AFINARTE,"QUEZADA MANCHA, IMANOL",100.00%,,false,
886299254,TIRO DE GRACIA,MELODIES OF AFINARTE,"SANCHEZ MEDRANO, JOSE GUADALUPE",100.00%,,false,
895179663,LA EMBOSCADA DE BARRERA,MELODIES OF AFINARTE,"SANCHEZ MEDRANO, JOSE GUADALUPE",100.00%,,false,
885384459,"WARACHES DE CORREA, LOS",MELODIES OF AFINARTE,"DIAZ, BORJA GERARDO",100.00%,,false,
901659774,LA CHINA WHITE,SONGS OF AFINARTE,"RAMIREZ, MALDONADO JUAN",100.00%,,false,
891360734,HERIBERTO HERNANDEZ,MELODIES OF AFINARTE,"QUEZADA MANCHA, ALFONSO DE JESUS",100.00%,,false,
891416749,CORRIDO DEL PEKE,MUSIC OF AFINARTE,"LOPEZ, ERIK",100.00%,,false,
901344974,PEDRO WILON,MELODIES OF AFINARTE,"BUSTOS HURTADO, ALEMI",100.00%,,false,
894515134,LA LIEBRE,MELODIES OF AFINARTE,"GARCIA, ALEXANDER",100.00%,,false,
897302432,POR UN BUEN FUTURO,,"SAUCEDA GASTELUM, ANGEL RENE",100.00%,,false,
901463823,"COMPADRE DE LAS NAVES, EL",MELODIES OF AFINARTE,"FELIX, LUIS ENRIQUE",100.00%,,false,
901733295,SE OYEN VARIAS LENGUAS,MELODIES OF AFINARTE,"ZAPATA, ORLANDO/ZAPATA, ROLANDO",100.00%,,false,
896935691,"ERA DE HIELO, LA",MELODIES OF AFINARTE,"BUSTOS HURTADO, ALEMI",100.00%,,false,
905380322,VOY A TOMARME UNA,MELODIES OF AFINARTE,"SANCHEZ MEDRANO, JOSE GUADALUPE",100.00%,,false,
901390313,"CHAPARRITOS, LOS",SONGS OF AFINARTE,"COBIAN CARO, RAFAEL",100.00%,,false,
886560281,LA SUERTE DEL SENOR,MELODIES OF AFINARTE / SONGS OF AFINARTE,"QUEZADA MANCHA, ALFONSO DE JESUS/QUEZADA MANCHA, IMANOL",100.00%,,false,
904412695,EL MUCHACHITO,MELODIES OF AFINARTE,"SAUCEDA GASTELUM, ANGEL RENE",100.00%,,false,
901463888,YO SOY DE TIERRA CALIENTE,MELODIES OF AFINARTE,"DIAZ, BORJA GERARDO",100.00%,,false,
901463858,"LLORAR, LLORAR, LLORAR",MELODIES OF AFINARTE,"DIAZ, BORJA GERARDO",100.00%,,false,
901733052,"DE LA NORIA, EL",MELODIES OF AFINARTE,"SANCHEZ MEDRANO, JOSE GUADALUPE",100.00%,,false,
891471249,EL VILLANO DE SAN LUIS,MELODIES OF AFINARTE,"ALVAREZ, ANTONIO",100.00%,,false,
886299314,"CHINOS DE MI SUPER, LOS",SONGS OF AFINARTE,"HAROS, PEDRO",100.00%,,false,
901390333,ELLA,SONGS OF AFINARTE,"AMARO PEREZ, VICTOR EDUARDO/NUNEZ, GABRIEL",100.00%,,false,
891360727,CORRIDO DEL CANO,MELODIES OF AFINARTE,"QUEZADA MANCHA, ALFONSO DE JESUS",100.00%,,false,
891360744,EL DE LA BARBA,MELODIES OF AFINARTE,"AVITA AUDELO, JULIO CESAR",100.00%,,false,
897293184,RECORDANDO A BARRERA,MELODIES OF AFINARTE,"LEON MEZA, SERGIO BLADIMIR",100.00%,,false,
885780373,"TORO FINO, EL",MELODIES OF AFINARTE,"GUZMAN SANCHEZ, JUAN LUIS",100.00%,,false,
901463886,YA VALIMOS,SONGS OF AFINARTE,"MUNOZ, EDEN/QUEZADA, IMANOL",50.00%,,false,
901733283,TODOS GUACHAN,SONGS OF AFINARTE,"GARCIA JUNIOR, NICOLAS",100.00%,,false,
897293371,"COMANDANTE CHICOTE, EL",MELODIES OF AFINARTE / MUSIC OF AFINARTE / SONGS OF AFINARTE,"GUZMAN SANCHEZ, JUAN LUIS",100.00%,,false,
901463839,"ZORRO 19, EL",SONGS OF AFINARTE,"QUEZADA MANCHA, ALFONSO DE JESUS/QUEZADA, IMANOL",100.00%,,false,
891360833,EL ALBANIL,MELODIES OF AFINARTE,"DIAZ, BORJA GERARDO",100.00%,,false,
891471246,AHORA VA LA MIA,SONGS OF AFINARTE,"LOPEZ, MACIAS RIGO ELEAZAR",100.00%,,false,
878136120,EL TRAMPOLIN,MELODIES OF AFINARTE / SONGS OF AFINARTE,"ANGULO PEREZ, JESUS OTONIEL/GONZALEZ, JAVIER",50.00%,,false,
901733036,H20T,MELODIES OF AFINARTE,"BUSTOS HURTADO, ALEMI",100.00%,,false,
891304389,PALMA Y SAN FELIPE,SONGS OF AFINARTE,"QUEZADA MANCHA, IMANOL",100.00%,,false,
891410682,EL SOLICITADO,MELODIES OF AFINARTE,"HERNANDEZ, MEDINA GULBERTO",100.00%,,false,
885299814,ME ENGNASTE Y HOY TE VAS,MELODIES OF AFINARTE,"DIAZ DE LEON HUEZ, OSCAR ARMANDO",100.00%,,false,
878991640,EL C14,MELODIES OF AFINARTE,"SOLIS GARCIA, JUAN FRANCISCO",100.00%,,false,
889004350,BORRACHO DE COCHERA,MELODIES OF AFINARTE,"GARCIA, ALEXANDER/MUNOZ CANTU, RODOLFO EDEN",100.00%,,false,
897293179,"LEON DE LA CIENEGA, EL",MELODIES OF AFINARTE,"LEON MEZA, SERGIO BLADIMIR",100.00%,,false,
899598727,NO OCUPO DE NADIE,MELODIES OF AFINARTE,"GUZMAN SANCHEZ, JUAN LUIS",100.00%,,false,
899598724,SU CLAVE ES EL 3,MELODIES OF AFINARTE,"SANCHEZ MEDRANO, JOSE GUADALUPE",100.00%,,false,
876645455,JAIMITO LEYVA,MELODIES OF AFINARTE,"GARCIA, ALEXANDER",100.00%,,false,
901463832,"PATOTAS, EL",MELODIES OF AFINARTE,"DIAZ, BORJA GERARDO",100.00%,,false,
891368141,IVAN ARCHIVALDO,MELODIES OF AFINARTE,"RODRIGUEZ MONDRAGON, ANGEL ALEXIS",100.00%,,false,
901390304,"VALOR DE UN VARON, EL",MELODIES OF AFINARTE,"GARCIA, ALEXANDER/LIMON, PERLA ELENES",100.00%,,false,
891304388,MI PROFESIÓN,SONGS OF AFINARTE,"QUEZADA MANCHA, IMANOL",100.00%,,false,
909556260,"ATENTADOS, LOS",SONGS OF AFINARTE,"COBIAN CARO, RAFAEL",100.00%,,false,
901463844,GARANTIZADO,MELODIES OF AFINARTE,"BUSTOS HURTADO, ALEMI",100.00%,,false,
891418057,NO DEBO AMARTE,MELODIES OF AFINARTE,"ORDONEZ MONTENEGRO, JESUS ALBERT",100.00%,,false,
896040871,"PRIMERA, A LA",MELODIES OF AFINARTE,"BUSTOS HURTADO, ALEMI",100.00%,,false,